cwe_id,cwe_nome_curto,cwe_label
CWE-1,CWE-1,CWE-1
CWE-1004,CWE-1004,CWE-1004
CWE-1007,CWE-1007,CWE-1007
CWE-1018,CWE-1018,CWE-1018
CWE-102,CWE-102,CWE-102
CWE-1021,CWE-1021,CWE-1021
CWE-1022,CWE-1022,CWE-1022
CWE-1023,CWE-1023,CWE-1023
CWE-1024,CWE-1024,CWE-1024
CWE-1025,CWE-1025,CWE-1025
CWE-1026,CWE-1026,CWE-1026
CWE-1027,CWE-1027,CWE-1027
CWE-1032,CWE-1032,CWE-1032
CWE-1037,CWE-1037,CWE-1037
CWE-1038,CWE-1038,CWE-1038
CWE-1039,CWE-1039,CWE-1039
CWE-1049,CWE-1049,CWE-1049
CWE-1050,CWE-1050,CWE-1050
CWE-1051,CWE-1051,CWE-1051
CWE-1055,CWE-1055,CWE-1055
CWE-1056,CWE-1056,CWE-1056
CWE-1057,CWE-1057,CWE-1057
CWE-1059,CWE-1059,CWE-1059
CWE-1068,CWE-1068,CWE-1068
CWE-1076,CWE-1076,CWE-1076
CWE-1077,CWE-1077,CWE-1077
CWE-1078,CWE-1078,CWE-1078
CWE-1083,CWE-1083,CWE-1083
CWE-1088,CWE-1088,CWE-1088
CWE-11,CWE-11,CWE-11
CWE-1100,CWE-1100,CWE-1100
CWE-1102,CWE-1102,CWE-1102
CWE-1103,CWE-1103,CWE-1103
CWE-1104,CWE-1104,CWE-1104
CWE-1106,CWE-1106,CWE-1106
CWE-1107,CWE-1107,CWE-1107
CWE-1108,CWE-1108,CWE-1108
CWE-111,CWE-111,CWE-111
CWE-1112,CWE-1112,CWE-1112
CWE-1116,CWE-1116,CWE-1116
CWE-1118,CWE-1118,CWE-1118
CWE-112,CWE-112,CWE-112
CWE-1125,CWE-1125,CWE-1125
CWE-113,CWE-113,CWE-113
CWE-114,CWE-114,CWE-114
CWE-115,CWE-115,CWE-115
CWE-116,CWE-116,CWE-116
CWE-1164,CWE-1164,CWE-1164
CWE-117,CWE-117,CWE-117
CWE-1173,CWE-1173,CWE-1173
CWE-1174,CWE-1174,CWE-1174
CWE-1176,CWE-1176,CWE-1176
CWE-118,CWE-118,CWE-118
CWE-1187,CWE-1187,CWE-1187
CWE-1188,CWE-1188,CWE-1188
CWE-1189,CWE-1189,CWE-1189
CWE-119,Buffer Overflow,CWE-119 - Buffer Overflow
CWE-1190,CWE-1190,CWE-1190
CWE-1191,CWE-1191,CWE-1191
CWE-12,CWE-12,CWE-12
CWE-120,Classic Buffer Overflow,CWE-120 - Classic Buffer Overflow
CWE-1204,CWE-1204,CWE-1204
CWE-121,Stack-based Buffer Overflow,CWE-121 - Stack-based Buffer Overflow
CWE-1218,CWE-1218,CWE-1218
CWE-122,Heap-based Buffer Overflow,CWE-122 - Heap-based Buffer Overflow
CWE-1220,CWE-1220,CWE-1220
CWE-1221,CWE-1221,CWE-1221
CWE-1222,CWE-1222,CWE-1222
CWE-1223,CWE-1223,CWE-1223
CWE-1224,CWE-1224,CWE-1224
CWE-123,CWE-123,CWE-123
CWE-1230,CWE-1230,CWE-1230
CWE-1231,CWE-1231,CWE-1231
CWE-1233,CWE-1233,CWE-1233
CWE-1234,CWE-1234,CWE-1234
CWE-1236,CWE-1236,CWE-1236
CWE-124,CWE-124,CWE-124
CWE-1240,CWE-1240,CWE-1240
CWE-1241,CWE-1241,CWE-1241
CWE-1242,CWE-1242,CWE-1242
CWE-1244,CWE-1244,CWE-1244
CWE-1245,CWE-1245,CWE-1245
CWE-1246,CWE-1246,CWE-1246
CWE-1247,CWE-1247,CWE-1247
CWE-125,Out-of-bounds Read,CWE-125 - Out-of-bounds Read
CWE-1250,CWE-1250,CWE-1250
CWE-1251,CWE-1251,CWE-1251
CWE-1253,CWE-1253,CWE-1253
CWE-1254,CWE-1254,CWE-1254
CWE-1255,CWE-1255,CWE-1255
CWE-1256,CWE-1256,CWE-1256
CWE-1257,CWE-1257,CWE-1257
CWE-1258,CWE-1258,CWE-1258
CWE-1259,CWE-1259,CWE-1259
CWE-126,CWE-126,CWE-126
CWE-1260,CWE-1260,CWE-1260
CWE-1262,CWE-1262,CWE-1262
CWE-1263,CWE-1263,CWE-1263
CWE-1264,CWE-1264,CWE-1264
CWE-1265,CWE-1265,CWE-1265
CWE-1269,CWE-1269,CWE-1269
CWE-127,CWE-127,CWE-127
CWE-1270,CWE-1270,CWE-1270
CWE-1272,CWE-1272,CWE-1272
CWE-1274,CWE-1274,CWE-1274
CWE-1275,CWE-1275,CWE-1275
CWE-1278,CWE-1278,CWE-1278
CWE-1279,CWE-1279,CWE-1279
CWE-128,CWE-128,CWE-128
CWE-1281,CWE-1281,CWE-1281
CWE-1282,CWE-1282,CWE-1282
CWE-1283,CWE-1283,CWE-1283
CWE-1284,CWE-1284,CWE-1284
CWE-1285,CWE-1285,CWE-1285
CWE-1286,CWE-1286,CWE-1286
CWE-1287,CWE-1287,CWE-1287
CWE-1288,CWE-1288,CWE-1288
CWE-1289,CWE-1289,CWE-1289
CWE-129,CWE-129,CWE-129
CWE-1291,CWE-1291,CWE-1291
CWE-1295,CWE-1295,CWE-1295
CWE-1298,CWE-1298,CWE-1298
CWE-1299,CWE-1299,CWE-1299
CWE-130,CWE-130,CWE-130
CWE-1300,CWE-1300,CWE-1300
CWE-1301,CWE-1301,CWE-1301
CWE-1303,CWE-1303,CWE-1303
CWE-1304,CWE-1304,CWE-1304
CWE-131,CWE-131,CWE-131
CWE-1310,CWE-1310,CWE-1310
CWE-1313,CWE-1313,CWE-1313
CWE-1319,CWE-1319,CWE-1319
CWE-1320,CWE-1320,CWE-1320
CWE-1321,CWE-1321,CWE-1321
CWE-1323,CWE-1323,CWE-1323
CWE-1325,CWE-1325,CWE-1325
CWE-1326,CWE-1326,CWE-1326
CWE-1327,CWE-1327,CWE-1327
CWE-1328,CWE-1328,CWE-1328
CWE-1329,CWE-1329,CWE-1329
CWE-1332,CWE-1332,CWE-1332
CWE-1333,CWE-1333,CWE-1333
CWE-1334,CWE-1334,CWE-1334
CWE-1335,CWE-1335,CWE-1335
CWE-1336,CWE-1336,CWE-1336
CWE-134,CWE-134,CWE-134
CWE-1342,CWE-1342,CWE-1342
CWE-1352,CWE-1352,CWE-1352
CWE-1357,CWE-1357,CWE-1357
CWE-138,CWE-138,CWE-138
CWE-1384,CWE-1384,CWE-1384
CWE-1385,CWE-1385,CWE-1385
CWE-1386,CWE-1386,CWE-1386
CWE-1389,CWE-1389,CWE-1389
CWE-1390,CWE-1390,CWE-1390
CWE-1391,CWE-1391,CWE-1391
CWE-1392,CWE-1392,CWE-1392
CWE-1393,CWE-1393,CWE-1393
CWE-1394,CWE-1394,CWE-1394
CWE-14,CWE-14,CWE-14
CWE-140,CWE-140,CWE-140
CWE-141,CWE-141,CWE-141
CWE-142,CWE-142,CWE-142
CWE-143,CWE-143,CWE-143
CWE-144,CWE-144,CWE-144
CWE-146,CWE-146,CWE-146
CWE-147,CWE-147,CWE-147
CWE-148,CWE-148,CWE-148
CWE-149,CWE-149,CWE-149
CWE-15,CWE-15,CWE-15
CWE-150,CWE-150,CWE-150
CWE-153,CWE-153,CWE-153
CWE-154,CWE-154,CWE-154
CWE-155,CWE-155,CWE-155
CWE-156,CWE-156,CWE-156
CWE-157,CWE-157,CWE-157
CWE-158,CWE-158,CWE-158
CWE-159,CWE-159,CWE-159
CWE-16,CWE-16,CWE-16
CWE-164,CWE-164,CWE-164
CWE-166,CWE-166,CWE-166
CWE-167,CWE-167,CWE-167
CWE-168,CWE-168,CWE-168
CWE-17,CWE-17,CWE-17
CWE-170,CWE-170,CWE-170
CWE-172,CWE-172,CWE-172
CWE-173,CWE-173,CWE-173
CWE-176,CWE-176,CWE-176
CWE-177,CWE-177,CWE-177
CWE-178,CWE-178,CWE-178
CWE-179,CWE-179,CWE-179
CWE-18,CWE-18,CWE-18
CWE-180,CWE-180,CWE-180
CWE-182,CWE-182,CWE-182
CWE-183,CWE-183,CWE-183
CWE-184,CWE-184,CWE-184
CWE-185,CWE-185,CWE-185
CWE-186,CWE-186,CWE-186
CWE-187,CWE-187,CWE-187
CWE-189,Numeric Errors,CWE-189 - Numeric Errors
CWE-19,CWE-19,CWE-19
CWE-190,Integer Overflow,CWE-190 - Integer Overflow
CWE-191,CWE-191,CWE-191
CWE-192,CWE-192,CWE-192
CWE-193,CWE-193,CWE-193
CWE-194,CWE-194,CWE-194
CWE-195,CWE-195,CWE-195
CWE-196,CWE-196,CWE-196
CWE-197,CWE-197,CWE-197
CWE-198,CWE-198,CWE-198
CWE-199,CWE-199,CWE-199
CWE-20,Improper Input Validation,CWE-20 - Improper Input Validation
CWE-200,Information Exposure,CWE-200 - Information Exposure
CWE-201,CWE-201,CWE-201
CWE-202,CWE-202,CWE-202
CWE-203,CWE-203,CWE-203
CWE-204,CWE-204,CWE-204
CWE-205,CWE-205,CWE-205
CWE-207,CWE-207,CWE-207
CWE-208,CWE-208,CWE-208
CWE-209,CWE-209,CWE-209
CWE-21,CWE-21,CWE-21
CWE-210,CWE-210,CWE-210
CWE-212,CWE-212,CWE-212
CWE-213,CWE-213,CWE-213
CWE-214,CWE-214,CWE-214
CWE-215,CWE-215,CWE-215
CWE-216,CWE-216,CWE-216
CWE-219,CWE-219,CWE-219
CWE-22,Path Traversal,CWE-22 - Path Traversal
CWE-223,CWE-223,CWE-223
CWE-226,CWE-226,CWE-226
CWE-227,CWE-227,CWE-227
CWE-228,CWE-228,CWE-228
CWE-229,CWE-229,CWE-229
CWE-23,CWE-23,CWE-23
CWE-230,CWE-230,CWE-230
CWE-231,CWE-231,CWE-231
CWE-232,CWE-232,CWE-232
CWE-233,CWE-233,CWE-233
CWE-234,CWE-234,CWE-234
CWE-235,CWE-235,CWE-235
CWE-236,CWE-236,CWE-236
CWE-237,CWE-237,CWE-237
CWE-239,CWE-239,CWE-239
CWE-24,CWE-24,CWE-24
CWE-240,CWE-240,CWE-240
CWE-241,CWE-241,CWE-241
CWE-242,CWE-242,CWE-242
CWE-244,CWE-244,CWE-244
CWE-248,CWE-248,CWE-248
CWE-249,CWE-249,CWE-249
CWE-25,CWE-25,CWE-25
CWE-250,CWE-250,CWE-250
CWE-252,CWE-252,CWE-252
CWE-253,CWE-253,CWE-253
CWE-254,CWE-254,CWE-254
CWE-255,Credentials Management Errors,CWE-255 - Credentials Management Errors
CWE-256,CWE-256,CWE-256
CWE-257,CWE-257,CWE-257
CWE-258,CWE-258,CWE-258
CWE-259,CWE-259,CWE-259
CWE-26,CWE-26,CWE-26
CWE-260,CWE-260,CWE-260
CWE-261,CWE-261,CWE-261
CWE-262,CWE-262,CWE-262
CWE-263,CWE-263,CWE-263
CWE-264,Permissions/Privileges,CWE-264 - Permissions/Privileges
CWE-265,CWE-265,CWE-265
CWE-266,CWE-266,CWE-266
CWE-267,CWE-267,CWE-267
CWE-268,CWE-268,CWE-268
CWE-269,Improper Privilege Management,CWE-269 - Improper Privilege Management
CWE-27,CWE-27,CWE-27
CWE-270,CWE-270,CWE-270
CWE-271,CWE-271,CWE-271
CWE-272,CWE-272,CWE-272
CWE-273,CWE-273,CWE-273
CWE-274,CWE-274,CWE-274
CWE-275,CWE-275,CWE-275
CWE-276,Incorrect Default Permissions,CWE-276 - Incorrect Default Permissions
CWE-277,CWE-277,CWE-277
CWE-278,CWE-278,CWE-278
CWE-279,CWE-279,CWE-279
CWE-28,CWE-28,CWE-28
CWE-280,CWE-280,CWE-280
CWE-281,CWE-281,CWE-281
CWE-282,CWE-282,CWE-282
CWE-283,CWE-283,CWE-283
CWE-284,Improper Access Control,CWE-284 - Improper Access Control
CWE-285,Improper Authorization,CWE-285 - Improper Authorization
CWE-286,CWE-286,CWE-286
CWE-287,Improper Authentication,CWE-287 - Improper Authentication
CWE-288,CWE-288,CWE-288
CWE-289,CWE-289,CWE-289
CWE-29,CWE-29,CWE-29
CWE-290,CWE-290,CWE-290
CWE-291,CWE-291,CWE-291
CWE-292,CWE-292,CWE-292
CWE-293,CWE-293,CWE-293
CWE-294,CWE-294,CWE-294
CWE-295,Improper Certificate Validation,CWE-295 - Improper Certificate Validation
CWE-296,CWE-296,CWE-296
CWE-297,CWE-297,CWE-297
CWE-298,CWE-298,CWE-298
CWE-299,CWE-299,CWE-299
CWE-30,CWE-30,CWE-30
CWE-300,CWE-300,CWE-300
CWE-301,CWE-301,CWE-301
CWE-302,CWE-302,CWE-302
CWE-303,CWE-303,CWE-303
CWE-304,CWE-304,CWE-304
CWE-305,CWE-305,CWE-305
CWE-306,Missing Authentication,CWE-306 - Missing Authentication
CWE-307,CWE-307,CWE-307
CWE-308,CWE-308,CWE-308
CWE-309,CWE-309,CWE-309
CWE-31,CWE-31,CWE-31
CWE-310,Cryptographic Issues,CWE-310 - Cryptographic Issues
CWE-311,CWE-311,CWE-311
CWE-312,CWE-312,CWE-312
CWE-313,CWE-313,CWE-313
CWE-314,CWE-314,CWE-314
CWE-315,CWE-315,CWE-315
CWE-316,CWE-316,CWE-316
CWE-317,CWE-317,CWE-317
CWE-318,CWE-318,CWE-318
CWE-319,Cleartext Transmission,CWE-319 - Cleartext Transmission
CWE-32,CWE-32,CWE-32
CWE-320,CWE-320,CWE-320
CWE-321,CWE-321,CWE-321
CWE-322,CWE-322,CWE-322
CWE-323,CWE-323,CWE-323
CWE-324,CWE-324,CWE-324
CWE-325,CWE-325,CWE-325
CWE-326,CWE-326,CWE-326
CWE-327,CWE-327,CWE-327
CWE-328,CWE-328,CWE-328
CWE-329,CWE-329,CWE-329
CWE-330,CWE-330,CWE-330
CWE-331,CWE-331,CWE-331
CWE-332,CWE-332,CWE-332
CWE-333,CWE-333,CWE-333
CWE-334,CWE-334,CWE-334
CWE-335,CWE-335,CWE-335
CWE-336,CWE-336,CWE-336
CWE-337,CWE-337,CWE-337
CWE-338,CWE-338,CWE-338
CWE-339,CWE-339,CWE-339
CWE-34,CWE-34,CWE-34
CWE-340,CWE-340,CWE-340
CWE-341,CWE-341,CWE-341
CWE-342,CWE-342,CWE-342
CWE-343,CWE-343,CWE-343
CWE-344,CWE-344,CWE-344
CWE-345,CWE-345,CWE-345
CWE-346,CWE-346,CWE-346
CWE-347,CWE-347,CWE-347
CWE-348,CWE-348,CWE-348
CWE-349,CWE-349,CWE-349
CWE-35,CWE-35,CWE-35
CWE-350,CWE-350,CWE-350
CWE-351,CWE-351,CWE-351
CWE-352,CSRF,CWE-352 - CSRF
CWE-353,CWE-353,CWE-353
CWE-354,CWE-354,CWE-354
CWE-355,CWE-355,CWE-355
CWE-356,CWE-356,CWE-356
CWE-357,CWE-357,CWE-357
CWE-358,CWE-358,CWE-358
CWE-359,CWE-359,CWE-359
CWE-36,CWE-36,CWE-36
CWE-360,CWE-360,CWE-360
CWE-361,CWE-361,CWE-361
CWE-362,Race Condition,CWE-362 - Race Condition
CWE-363,CWE-363,CWE-363
CWE-364,CWE-364,CWE-364
CWE-366,CWE-366,CWE-366
CWE-367,CWE-367,CWE-367
CWE-368,CWE-368,CWE-368
CWE-369,CWE-369,CWE-369
CWE-37,CWE-37,CWE-37
CWE-370,CWE-370,CWE-370
CWE-371,CWE-371,CWE-371
CWE-372,CWE-372,CWE-372
CWE-374,CWE-374,CWE-374
CWE-377,CWE-377,CWE-377
CWE-378,CWE-378,CWE-378
CWE-379,CWE-379,CWE-379
CWE-384,CWE-384,CWE-384
CWE-385,CWE-385,CWE-385
CWE-386,CWE-386,CWE-386
CWE-388,CWE-388,CWE-388
CWE-39,CWE-39,CWE-39
CWE-390,CWE-390,CWE-390
CWE-391,CWE-391,CWE-391
CWE-392,CWE-392,CWE-392
CWE-393,CWE-393,CWE-393
CWE-394,CWE-394,CWE-394
CWE-395,CWE-395,CWE-395
CWE-399,Resource Management Errors,CWE-399 - Resource Management Errors
CWE-40,CWE-40,CWE-40
CWE-400,Uncontrolled Resource Consumption,CWE-400 - Uncontrolled Resource Consumption
CWE-401,Memory Leak,CWE-401 - Memory Leak
CWE-402,CWE-402,CWE-402
CWE-403,CWE-403,CWE-403
CWE-404,CWE-404,CWE-404
CWE-405,CWE-405,CWE-405
CWE-406,CWE-406,CWE-406
CWE-407,CWE-407,CWE-407
CWE-408,CWE-408,CWE-408
CWE-409,CWE-409,CWE-409
CWE-41,CWE-41,CWE-41
CWE-410,CWE-410,CWE-410
CWE-412,CWE-412,CWE-412
CWE-413,CWE-413,CWE-413
CWE-414,CWE-414,CWE-414
CWE-415,CWE-415,CWE-415
CWE-416,Use After Free,CWE-416 - Use After Free
CWE-417,CWE-417,CWE-417
CWE-419,CWE-419,CWE-419
CWE-420,CWE-420,CWE-420
CWE-421,CWE-421,CWE-421
CWE-422,CWE-422,CWE-422
CWE-424,CWE-424,CWE-424
CWE-425,CWE-425,CWE-425
CWE-426,CWE-426,CWE-426
CWE-427,DLL Hijacking,CWE-427 - DLL Hijacking
CWE-428,CWE-428,CWE-428
CWE-43,CWE-43,CWE-43
CWE-430,CWE-430,CWE-430
CWE-431,CWE-431,CWE-431
CWE-434,Unrestricted File Upload,CWE-434 - Unrestricted File Upload
CWE-435,CWE-435,CWE-435
CWE-436,CWE-436,CWE-436
CWE-437,CWE-437,CWE-437
CWE-44,CWE-44,CWE-44
CWE-440,CWE-440,CWE-440
CWE-441,CWE-441,CWE-441
CWE-444,CWE-444,CWE-444
CWE-446,CWE-446,CWE-446
CWE-447,CWE-447,CWE-447
CWE-448,CWE-448,CWE-448
CWE-449,CWE-449,CWE-449
CWE-450,CWE-450,CWE-450
CWE-451,CWE-451,CWE-451
CWE-453,CWE-453,CWE-453
CWE-454,CWE-454,CWE-454
CWE-455,CWE-455,CWE-455
CWE-456,CWE-456,CWE-456
CWE-457,CWE-457,CWE-457
CWE-459,CWE-459,CWE-459
CWE-460,CWE-460,CWE-460
CWE-462,CWE-462,CWE-462
CWE-463,CWE-463,CWE-463
CWE-465,CWE-465,CWE-465
CWE-466,CWE-466,CWE-466
CWE-467,CWE-467,CWE-467
CWE-468,CWE-468,CWE-468
CWE-470,CWE-470,CWE-470
CWE-471,CWE-471,CWE-471
CWE-472,CWE-472,CWE-472
CWE-473,CWE-473,CWE-473
CWE-474,CWE-474,CWE-474
CWE-475,CWE-475,CWE-475
CWE-476,NULL Pointer Dereference,CWE-476 - NULL Pointer Dereference
CWE-477,CWE-477,CWE-477
CWE-479,CWE-479,CWE-479
CWE-480,CWE-480,CWE-480
CWE-482,CWE-482,CWE-482
CWE-485,CWE-485,CWE-485
CWE-488,CWE-488,CWE-488
CWE-489,CWE-489,CWE-489
CWE-491,CWE-491,CWE-491
CWE-494,CWE-494,CWE-494
CWE-495,CWE-495,CWE-495
CWE-497,CWE-497,CWE-497
CWE-499,CWE-499,CWE-499
CWE-5,CWE-5,CWE-5
CWE-50,CWE-50,CWE-50
CWE-501,CWE-501,CWE-501
CWE-502,Deserialization,CWE-502 - Deserialization
CWE-506,CWE-506,CWE-506
CWE-507,CWE-507,CWE-507
CWE-508,CWE-508,CWE-508
CWE-509,CWE-509,CWE-509
CWE-511,CWE-511,CWE-511
CWE-520,CWE-520,CWE-520
CWE-521,CWE-521,CWE-521
CWE-522,Insufficiently Protected Credentials,CWE-522 - Insufficiently Protected Credentials
CWE-523,CWE-523,CWE-523
CWE-524,CWE-524,CWE-524
CWE-525,CWE-525,CWE-525
CWE-526,CWE-526,CWE-526
CWE-527,CWE-527,CWE-527
CWE-528,CWE-528,CWE-528
CWE-529,CWE-529,CWE-529
CWE-530,CWE-530,CWE-530
CWE-531,CWE-531,CWE-531
CWE-532,Sensitive Info in Log,CWE-532 - Sensitive Info in Log
CWE-534,CWE-534,CWE-534
CWE-535,CWE-535,CWE-535
CWE-538,CWE-538,CWE-538
CWE-539,CWE-539,CWE-539
CWE-540,CWE-540,CWE-540
CWE-541,CWE-541,CWE-541
CWE-544,CWE-544,CWE-544
CWE-547,CWE-547,CWE-547
CWE-548,CWE-548,CWE-548
CWE-549,CWE-549,CWE-549
CWE-550,CWE-550,CWE-550
CWE-551,CWE-551,CWE-551
CWE-552,CWE-552,CWE-552
CWE-555,CWE-555,CWE-555
CWE-556,CWE-556,CWE-556
CWE-561,CWE-561,CWE-561
CWE-562,CWE-562,CWE-562
CWE-563,CWE-563,CWE-563
CWE-564,CWE-564,CWE-564
CWE-565,CWE-565,CWE-565
CWE-566,CWE-566,CWE-566
CWE-567,CWE-567,CWE-567
CWE-57,CWE-57,CWE-57
CWE-570,CWE-570,CWE-570
CWE-571,CWE-571,CWE-571
CWE-573,CWE-573,CWE-573
CWE-587,CWE-587,CWE-587
CWE-588,CWE-588,CWE-588
CWE-59,Link Following,CWE-59 - Link Following
CWE-590,CWE-590,CWE-590
CWE-591,CWE-591,CWE-591
CWE-592,CWE-592,CWE-592
CWE-597,CWE-597,CWE-597
CWE-598,CWE-598,CWE-598
CWE-599,CWE-599,CWE-599
CWE-6,CWE-6,CWE-6
CWE-600,CWE-600,CWE-600
CWE-601,Open Redirect,CWE-601 - Open Redirect
CWE-602,CWE-602,CWE-602
CWE-603,CWE-603,CWE-603
CWE-605,CWE-605,CWE-605
CWE-606,CWE-606,CWE-606
CWE-61,CWE-61,CWE-61
CWE-610,CWE-610,CWE-610
CWE-611,XXE,CWE-611 - XXE
CWE-612,CWE-612,CWE-612
CWE-613,CWE-613,CWE-613
CWE-614,CWE-614,CWE-614
CWE-615,CWE-615,CWE-615
CWE-616,CWE-616,CWE-616
CWE-617,CWE-617,CWE-617
CWE-618,CWE-618,CWE-618
CWE-62,CWE-62,CWE-62
CWE-620,CWE-620,CWE-620
CWE-621,CWE-621,CWE-621
CWE-622,CWE-622,CWE-622
CWE-623,CWE-623,CWE-623
CWE-624,CWE-624,CWE-624
CWE-625,CWE-625,CWE-625
CWE-626,CWE-626,CWE-626
CWE-627,CWE-627,CWE-627
CWE-628,CWE-628,CWE-628
CWE-636,CWE-636,CWE-636
CWE-638,CWE-638,CWE-638
CWE-639,IDOR,CWE-639 - IDOR
CWE-64,CWE-64,CWE-64
CWE-640,CWE-640,CWE-640
CWE-641,CWE-641,CWE-641
CWE-642,CWE-642,CWE-642
CWE-643,CWE-643,CWE-643
CWE-644,CWE-644,CWE-644
CWE-645,CWE-645,CWE-645
CWE-646,CWE-646,CWE-646
CWE-647,CWE-647,CWE-647
CWE-648,CWE-648,CWE-648
CWE-649,CWE-649,CWE-649
CWE-65,CWE-65,CWE-65
CWE-650,CWE-650,CWE-650
CWE-652,CWE-652,CWE-652
CWE-653,CWE-653,CWE-653
CWE-654,CWE-654,CWE-654
CWE-656,CWE-656,CWE-656
CWE-657,CWE-657,CWE-657
CWE-66,CWE-66,CWE-66
CWE-662,CWE-662,CWE-662
CWE-664,CWE-664,CWE-664
CWE-665,CWE-665,CWE-665
CWE-667,CWE-667,CWE-667
CWE-668,CWE-668,CWE-668
CWE-669,CWE-669,CWE-669
CWE-67,CWE-67,CWE-67
CWE-670,CWE-670,CWE-670
CWE-671,CWE-671,CWE-671
CWE-672,CWE-672,CWE-672
CWE-673,CWE-673,CWE-673
CWE-674,CWE-674,CWE-674
CWE-675,CWE-675,CWE-675
CWE-676,CWE-676,CWE-676
CWE-680,CWE-680,CWE-680
CWE-681,CWE-681,CWE-681
CWE-682,CWE-682,CWE-682
CWE-683,CWE-683,CWE-683
CWE-684,CWE-684,CWE-684
CWE-686,CWE-686,CWE-686
CWE-687,CWE-687,CWE-687
CWE-688,CWE-688,CWE-688
CWE-689,CWE-689,CWE-689
CWE-69,CWE-69,CWE-69
CWE-690,CWE-690,CWE-690
CWE-691,CWE-691,CWE-691
CWE-692,CWE-692,CWE-692
CWE-693,CWE-693,CWE-693
CWE-694,CWE-694,CWE-694
CWE-696,CWE-696,CWE-696
CWE-697,CWE-697,CWE-697
CWE-698,CWE-698,CWE-698
CWE-701,CWE-701,CWE-701
CWE-702,CWE-702,CWE-702
CWE-703,CWE-703,CWE-703
CWE-704,CWE-704,CWE-704
CWE-705,CWE-705,CWE-705
CWE-706,CWE-706,CWE-706
CWE-707,CWE-707,CWE-707
CWE-708,CWE-708,CWE-708
CWE-710,CWE-710,CWE-710
CWE-714,CWE-714,CWE-714
CWE-73,CWE-73,CWE-73
CWE-730,CWE-730,CWE-730
CWE-732,Incorrect Permission Assignment,CWE-732 - Incorrect Permission Assignment
CWE-733,CWE-733,CWE-733
CWE-74,Injection (umbrella),CWE-74 - Injection (umbrella)
CWE-749,CWE-749,CWE-749
CWE-75,CWE-75,CWE-75
CWE-754,CWE-754,CWE-754
CWE-755,CWE-755,CWE-755
CWE-756,CWE-756,CWE-756
CWE-757,CWE-757,CWE-757
CWE-758,CWE-758,CWE-758
CWE-759,CWE-759,CWE-759
CWE-76,CWE-76,CWE-76
CWE-760,CWE-760,CWE-760
CWE-761,CWE-761,CWE-761
CWE-762,CWE-762,CWE-762
CWE-763,CWE-763,CWE-763
CWE-765,CWE-765,CWE-765
CWE-767,CWE-767,CWE-767
CWE-769,CWE-769,CWE-769
CWE-77,Command Injection,CWE-77 - Command Injection
CWE-770,Allocation Without Limits,CWE-770 - Allocation Without Limits
CWE-771,CWE-771,CWE-771
CWE-772,CWE-772,CWE-772
CWE-774,CWE-774,CWE-774
CWE-775,CWE-775,CWE-775
CWE-776,CWE-776,CWE-776
CWE-778,CWE-778,CWE-778
CWE-779,CWE-779,CWE-779
CWE-78,OS Command Injection,CWE-78 - OS Command Injection
CWE-780,CWE-780,CWE-780
CWE-782,CWE-782,CWE-782
CWE-783,CWE-783,CWE-783
CWE-784,CWE-784,CWE-784
CWE-786,CWE-786,CWE-786
CWE-787,Out-of-bounds Write,CWE-787 - Out-of-bounds Write
CWE-788,CWE-788,CWE-788
CWE-789,CWE-789,CWE-789
CWE-79,XSS,CWE-79 - XSS
CWE-790,CWE-790,CWE-790
CWE-791,CWE-791,CWE-791
CWE-792,CWE-792,CWE-792
CWE-794,CWE-794,CWE-794
CWE-798,Hard-coded Credentials,CWE-798 - Hard-coded Credentials
CWE-799,CWE-799,CWE-799
CWE-80,CWE-80,CWE-80
CWE-804,CWE-804,CWE-804
CWE-805,CWE-805,CWE-805
CWE-807,CWE-807,CWE-807
CWE-81,CWE-81,CWE-81
CWE-815,CWE-815,CWE-815
CWE-82,CWE-82,CWE-82
CWE-820,CWE-820,CWE-820
CWE-821,CWE-821,CWE-821
CWE-822,CWE-822,CWE-822
CWE-823,CWE-823,CWE-823
CWE-824,CWE-824,CWE-824
CWE-825,CWE-825,CWE-825
CWE-826,CWE-826,CWE-826
CWE-827,CWE-827,CWE-827
CWE-828,CWE-828,CWE-828
CWE-829,CWE-829,CWE-829
CWE-83,CWE-83,CWE-83
CWE-830,CWE-830,CWE-830
CWE-832,CWE-832,CWE-832
CWE-833,CWE-833,CWE-833
CWE-834,CWE-834,CWE-834
CWE-835,CWE-835,CWE-835
CWE-836,CWE-836,CWE-836
CWE-837,CWE-837,CWE-837
CWE-838,CWE-838,CWE-838
CWE-839,CWE-839,CWE-839
CWE-84,CWE-84,CWE-84
CWE-840,CWE-840,CWE-840
CWE-841,CWE-841,CWE-841
CWE-842,CWE-842,CWE-842
CWE-843,CWE-843,CWE-843
CWE-85,CWE-85,CWE-85
CWE-86,CWE-86,CWE-86
CWE-862,Missing Authorization,CWE-862 - Missing Authorization
CWE-863,Incorrect Authorization,CWE-863 - Incorrect Authorization
CWE-87,CWE-87,CWE-87
CWE-88,CWE-88,CWE-88
CWE-882,CWE-882,CWE-882
CWE-89,SQL Injection,CWE-89 - SQL Injection
CWE-895,CWE-895,CWE-895
CWE-90,CWE-90,CWE-90
CWE-908,CWE-908,CWE-908
CWE-909,CWE-909,CWE-909
CWE-91,CWE-91,CWE-91
CWE-910,CWE-910,CWE-910
CWE-911,CWE-911,CWE-911
CWE-912,CWE-912,CWE-912
CWE-913,CWE-913,CWE-913
CWE-914,CWE-914,CWE-914
CWE-915,CWE-915,CWE-915
CWE-916,CWE-916,CWE-916
CWE-917,CWE-917,CWE-917
CWE-918,SSRF,CWE-918 - SSRF
CWE-92,CWE-92,CWE-92
CWE-920,CWE-920,CWE-920
CWE-921,CWE-921,CWE-921
CWE-922,CWE-922,CWE-922
CWE-923,CWE-923,CWE-923
CWE-924,CWE-924,CWE-924
CWE-925,CWE-925,CWE-925
CWE-926,CWE-926,CWE-926
CWE-927,CWE-927,CWE-927
CWE-93,CWE-93,CWE-93
CWE-939,CWE-939,CWE-939
CWE-94,Code Injection,CWE-94 - Code Injection
CWE-940,CWE-940,CWE-940
CWE-941,CWE-941,CWE-941
CWE-942,CWE-942,CWE-942
CWE-943,CWE-943,CWE-943
CWE-95,CWE-95,CWE-95
CWE-952,CWE-952,CWE-952
CWE-96,CWE-96,CWE-96
CWE-962,CWE-962,CWE-962
CWE-97,CWE-97,CWE-97
CWE-98,CWE-98,CWE-98
CWE-99,CWE-99,CWE-99
