pct_cwes_acumulado,pct_cves_acumulado,linha_igualdade
0.0,0.0,0.0
0.134,0.0,0.134
0.267,0.001,0.267
0.401,0.001,0.401
0.534,0.001,0.534
0.668,0.002,0.668
0.801,0.002,0.801
0.935,0.003,0.935
1.068,0.003,1.068
1.202,0.003,1.202
1.335,0.004,1.335
1.469,0.004,1.469
1.602,0.004,1.602
1.736,0.005,1.736
1.869,0.005,1.869
2.003,0.005,2.003
2.136,0.006,2.136
2.27,0.006,2.27
2.403,0.006,2.403
2.537,0.007,2.537
2.67,0.007,2.67
2.804,0.008,2.804
2.937,0.008,2.937
3.071,0.008,3.071
3.204,0.009,3.204
3.338,0.009,3.338
3.471,0.009,3.471
3.605,0.01,3.605
3.738,0.01,3.738
3.872,0.01,3.872
4.005,0.011,4.005
4.139,0.011,4.139
4.272,0.011,4.272
4.406,0.012,4.406
4.539,0.012,4.539
4.673,0.013,4.673
4.806,0.013,4.806
4.94,0.013,4.94
5.073,0.014,5.073
5.207,0.014,5.207
5.34,0.014,5.34
5.474,0.015,5.474
5.607,0.015,5.607
5.741,0.015,5.741
5.874,0.016,5.874
6.008,0.016,6.008
6.142,0.016,6.142
6.275,0.017,6.275
6.409,0.017,6.409
6.542,0.018,6.542
6.676,0.018,6.676
6.809,0.018,6.809
6.943,0.019,6.943
7.076,0.019,7.076
7.21,0.019,7.21
7.343,0.02,7.343
7.477,0.02,7.477
7.61,0.02,7.61
7.744,0.021,7.744
7.877,0.021,7.877
8.011,0.022,8.011
8.144,0.022,8.144
8.278,0.022,8.278
8.411,0.023,8.411
8.545,0.023,8.545
8.678,0.023,8.678
8.812,0.024,8.812
8.945,0.024,8.945
9.079,0.024,9.079
9.212,0.025,9.212
9.346,0.025,9.346
9.479,0.025,9.479
9.613,0.026,9.613
9.746,0.026,9.746
9.88,0.027,9.88
10.013,0.027,10.013
10.147,0.027,10.147
10.28,0.028,10.28
10.414,0.028,10.414
10.547,0.028,10.547
10.681,0.029,10.681
10.814,0.029,10.814
10.948,0.029,10.948
11.081,0.03,11.081
11.215,0.03,11.215
11.348,0.03,11.348
11.482,0.031,11.482
11.615,0.031,11.615
11.749,0.032,11.749
11.883,0.032,11.883
12.016,0.032,12.016
12.15,0.033,12.15
12.283,0.033,12.283
12.417,0.033,12.417
12.55,0.034,12.55
12.684,0.034,12.684
12.817,0.034,12.817
12.951,0.035,12.951
13.084,0.035,13.084
13.218,0.035,13.218
13.351,0.036,13.351
13.485,0.036,13.485
13.618,0.037,13.618
13.752,0.038,13.752
13.885,0.038,13.885
14.019,0.039,14.019
14.152,0.04,14.152
14.286,0.041,14.286
14.419,0.041,14.419
14.553,0.042,14.553
14.686,0.043,14.686
14.82,0.043,14.82
14.953,0.044,14.953
15.087,0.045,15.087
15.22,0.046,15.22
15.354,0.046,15.354
15.487,0.047,15.487
15.621,0.048,15.621
15.754,0.048,15.754
15.888,0.049,15.888
16.021,0.05,16.021
16.155,0.051,16.155
16.288,0.051,16.288
16.422,0.052,16.422
16.555,0.053,16.555
16.689,0.053,16.689
16.822,0.054,16.822
16.956,0.055,16.956
17.089,0.056,17.089
17.223,0.056,17.223
17.356,0.057,17.356
17.49,0.058,17.49
17.623,0.058,17.623
17.757,0.059,17.757
17.891,0.06,17.891
18.024,0.061,18.024
18.158,0.061,18.158
18.291,0.062,18.291
18.425,0.063,18.425
18.558,0.063,18.558
18.692,0.064,18.692
18.825,0.065,18.825
18.959,0.066,18.959
19.092,0.066,19.092
19.226,0.067,19.226
19.359,0.068,19.359
19.493,0.068,19.493
19.626,0.069,19.626
19.76,0.07,19.76
19.893,0.071,19.893
20.027,0.071,20.027
20.16,0.072,20.16
20.294,0.073,20.294
20.427,0.073,20.427
20.561,0.074,20.561
20.694,0.075,20.694
20.828,0.076,20.828
20.961,0.076,20.961
21.095,0.077,21.095
21.228,0.078,21.228
21.362,0.079,21.362
21.495,0.079,21.495
21.629,0.08,21.629
21.762,0.081,21.762
21.896,0.081,21.896
22.029,0.082,22.029
22.163,0.083,22.163
22.296,0.084,22.296
22.43,0.084,22.43
22.563,0.085,22.563
22.697,0.086,22.697
22.83,0.086,22.83
22.964,0.087,22.964
23.097,0.088,23.097
23.231,0.089,23.231
23.364,0.09,23.364
23.498,0.091,23.498
23.632,0.092,23.632
23.765,0.093,23.765
23.899,0.094,23.899
24.032,0.095,24.032
24.166,0.096,24.166
24.299,0.097,24.299
24.433,0.098,24.433
24.566,0.099,24.566
24.7,0.1,24.7
24.833,0.101,24.833
24.967,0.103,24.967
25.1,0.104,25.1
25.234,0.105,25.234
25.367,0.106,25.367
25.501,0.107,25.501
25.634,0.108,25.634
25.768,0.109,25.768
25.901,0.11,25.901
26.035,0.111,26.035
26.168,0.112,26.168
26.302,0.113,26.302
26.435,0.114,26.435
26.569,0.115,26.569
26.702,0.117,26.702
26.836,0.118,26.836
26.969,0.119,26.969
27.103,0.12,27.103
27.236,0.121,27.236
27.37,0.122,27.37
27.503,0.123,27.503
27.637,0.124,27.637
27.77,0.125,27.77
27.904,0.126,27.904
28.037,0.127,28.037
28.171,0.128,28.171
28.304,0.129,28.304
28.438,0.131,28.438
28.571,0.132,28.571
28.705,0.133,28.705
28.838,0.134,28.838
28.972,0.135,28.972
29.105,0.136,29.105
29.239,0.137,29.239
29.372,0.138,29.372
29.506,0.139,29.506
29.64,0.141,29.64
29.773,0.142,29.773
29.907,0.143,29.907
30.04,0.145,30.04
30.174,0.146,30.174
30.307,0.148,30.307
30.441,0.149,30.441
30.574,0.151,30.574
30.708,0.152,30.708
30.841,0.153,30.841
30.975,0.155,30.975
31.108,0.156,31.108
31.242,0.158,31.242
31.375,0.159,31.375
31.509,0.161,31.509
31.642,0.162,31.642
31.776,0.163,31.776
31.909,0.165,31.909
32.043,0.166,32.043
32.176,0.168,32.176
32.31,0.169,32.31
32.443,0.171,32.443
32.577,0.172,32.577
32.71,0.174,32.71
32.844,0.175,32.844
32.977,0.176,32.977
33.111,0.178,33.111
33.244,0.179,33.244
33.378,0.181,33.378
33.511,0.182,33.511
33.645,0.184,33.645
33.778,0.185,33.778
33.912,0.187,33.912
34.045,0.189,34.045
34.179,0.191,34.179
34.312,0.193,34.312
34.446,0.194,34.446
34.579,0.196,34.579
34.713,0.198,34.713
34.846,0.2,34.846
34.98,0.201,34.98
35.113,0.203,35.113
35.247,0.205,35.247
35.381,0.207,35.381
35.514,0.209,35.514
35.648,0.21,35.648
35.781,0.212,35.781
35.915,0.214,35.915
36.048,0.216,36.048
36.182,0.218,36.182
36.315,0.219,36.315
36.449,0.221,36.449
36.582,0.223,36.582
36.716,0.225,36.716
36.849,0.227,36.849
36.983,0.228,36.983
37.116,0.23,37.116
37.25,0.232,37.25
37.383,0.234,37.383
37.517,0.236,37.517
37.65,0.238,37.65
37.784,0.24,37.784
37.917,0.242,37.917
38.051,0.244,38.051
38.184,0.246,38.184
38.318,0.248,38.318
38.451,0.251,38.451
38.585,0.253,38.585
38.718,0.255,38.718
38.852,0.257,38.852
38.985,0.259,38.985
39.119,0.261,39.119
39.252,0.264,39.252
39.386,0.266,39.386
39.519,0.268,39.519
39.653,0.27,39.653
39.786,0.272,39.786
39.92,0.274,39.92
40.053,0.276,40.053
40.187,0.279,40.187
40.32,0.281,40.32
40.454,0.283,40.454
40.587,0.285,40.587
40.721,0.287,40.721
40.854,0.29,40.854
40.988,0.292,40.988
41.121,0.295,41.121
41.255,0.297,41.255
41.389,0.3,41.389
41.522,0.302,41.522
41.656,0.305,41.656
41.789,0.307,41.789
41.923,0.31,41.923
42.056,0.312,42.056
42.19,0.315,42.19
42.323,0.317,42.323
42.457,0.32,42.457
42.59,0.322,42.59
42.724,0.325,42.724
42.857,0.327,42.857
42.991,0.33,42.991
43.124,0.332,43.124
43.258,0.335,43.258
43.391,0.338,43.391
43.525,0.341,43.525
43.658,0.344,43.658
43.792,0.347,43.792
43.925,0.35,43.925
44.059,0.352,44.059
44.192,0.355,44.192
44.326,0.358,44.326
44.459,0.361,44.459
44.593,0.364,44.593
44.726,0.367,44.726
44.86,0.37,44.86
44.993,0.373,44.993
45.127,0.375,45.127
45.26,0.378,45.26
45.394,0.381,45.394
45.527,0.384,45.527
45.661,0.388,45.661
45.794,0.391,45.794
45.928,0.394,45.928
46.061,0.397,46.061
46.195,0.4,46.195
46.328,0.404,46.328
46.462,0.407,46.462
46.595,0.41,46.595
46.729,0.413,46.729
46.862,0.417,46.862
46.996,0.42,46.996
47.13,0.423,47.13
47.263,0.426,47.263
47.397,0.43,47.397
47.53,0.433,47.53
47.664,0.437,47.664
47.797,0.44,47.797
47.931,0.444,47.931
48.064,0.447,48.064
48.198,0.451,48.198
48.331,0.455,48.331
48.465,0.458,48.465
48.598,0.462,48.598
48.732,0.465,48.732
48.865,0.469,48.865
48.999,0.473,48.999
49.132,0.476,49.132
49.266,0.48,49.266
49.399,0.483,49.399
49.533,0.487,49.533
49.666,0.491,49.666
49.8,0.495,49.8
49.933,0.499,49.933
50.067,0.503,50.067
50.2,0.507,50.2
50.334,0.511,50.334
50.467,0.515,50.467
50.601,0.519,50.601
50.734,0.523,50.734
50.868,0.527,50.868
51.001,0.531,51.001
51.135,0.536,51.135
51.268,0.54,51.268
51.402,0.544,51.402
51.535,0.549,51.535
51.669,0.553,51.669
51.802,0.557,51.802
51.936,0.561,51.936
52.069,0.566,52.069
52.203,0.57,52.203
52.336,0.575,52.336
52.47,0.579,52.47
52.603,0.584,52.603
52.737,0.589,52.737
52.87,0.593,52.87
53.004,0.598,53.004
53.138,0.603,53.138
53.271,0.607,53.271
53.405,0.612,53.405
53.538,0.617,53.538
53.672,0.621,53.672
53.805,0.626,53.805
53.939,0.631,53.939
54.072,0.636,54.072
54.206,0.641,54.206
54.339,0.646,54.339
54.473,0.651,54.473
54.606,0.656,54.606
54.74,0.661,54.74
54.873,0.666,54.873
55.007,0.671,55.007
55.14,0.676,55.14
55.274,0.682,55.274
55.407,0.687,55.407
55.541,0.692,55.541
55.674,0.698,55.674
55.808,0.703,55.808
55.941,0.708,55.941
56.075,0.714,56.075
56.208,0.719,56.208
56.342,0.725,56.342
56.475,0.73,56.475
56.609,0.736,56.609
56.742,0.742,56.742
56.876,0.748,56.876
57.009,0.753,57.009
57.143,0.759,57.143
57.276,0.765,57.276
57.41,0.77,57.41
57.543,0.777,57.543
57.677,0.783,57.677
57.81,0.789,57.81
57.944,0.795,57.944
58.077,0.801,58.077
58.211,0.807,58.211
58.344,0.814,58.344
58.478,0.82,58.478
58.611,0.826,58.611
58.745,0.833,58.745
58.879,0.839,58.879
59.012,0.846,59.012
59.146,0.852,59.146
59.279,0.859,59.279
59.413,0.865,59.413
59.546,0.872,59.546
59.68,0.878,59.68
59.813,0.885,59.813
59.947,0.891,59.947
60.08,0.898,60.08
60.214,0.905,60.214
60.347,0.912,60.347
60.481,0.919,60.481
60.614,0.926,60.614
60.748,0.933,60.748
60.881,0.94,60.881
61.015,0.948,61.015
61.148,0.955,61.148
61.282,0.963,61.282
61.415,0.97,61.415
61.549,0.978,61.549
61.682,0.985,61.682
61.816,0.993,61.816
61.949,1.001,61.949
62.083,1.009,62.083
62.216,1.017,62.216
62.35,1.025,62.35
62.483,1.033,62.483
62.617,1.042,62.617
62.75,1.05,62.75
62.884,1.058,62.884
63.017,1.066,63.017
63.151,1.075,63.151
63.284,1.083,63.284
63.418,1.092,63.418
63.551,1.101,63.551
63.685,1.11,63.685
63.818,1.119,63.818
63.952,1.128,63.952
64.085,1.137,64.085
64.219,1.146,64.219
64.352,1.156,64.352
64.486,1.165,64.486
64.619,1.175,64.619
64.753,1.184,64.753
64.887,1.194,64.887
65.02,1.204,65.02
65.154,1.214,65.154
65.287,1.225,65.287
65.421,1.235,65.421
65.554,1.246,65.554
65.688,1.256,65.688
65.821,1.266,65.821
65.955,1.277,65.955
66.088,1.288,66.088
66.222,1.299,66.222
66.355,1.309,66.355
66.489,1.32,66.489
66.622,1.331,66.622
66.756,1.342,66.756
66.889,1.353,66.889
67.023,1.365,67.023
67.156,1.376,67.156
67.29,1.388,67.29
67.423,1.4,67.423
67.557,1.412,67.557
67.69,1.424,67.69
67.824,1.436,67.824
67.957,1.448,67.957
68.091,1.46,68.091
68.224,1.473,68.224
68.358,1.485,68.358
68.491,1.497,68.491
68.625,1.51,68.625
68.758,1.523,68.758
68.892,1.536,68.892
69.025,1.55,69.025
69.159,1.563,69.159
69.292,1.576,69.292
69.426,1.589,69.426
69.559,1.603,69.559
69.693,1.617,69.693
69.826,1.63,69.826
69.96,1.644,69.96
70.093,1.658,70.093
70.227,1.672,70.227
70.36,1.686,70.36
70.494,1.7,70.494
70.628,1.714,70.628
70.761,1.729,70.761
70.895,1.744,70.895
71.028,1.76,71.028
71.162,1.775,71.162
71.295,1.791,71.295
71.429,1.806,71.429
71.562,1.822,71.562
71.696,1.838,71.696
71.829,1.855,71.829
71.963,1.873,71.963
72.096,1.891,72.096
72.23,1.908,72.23
72.363,1.927,72.363
72.497,1.945,72.497
72.63,1.963,72.63
72.764,1.982,72.764
72.897,2.001,72.897
73.031,2.02,73.031
73.164,2.039,73.164
73.298,2.059,73.298
73.431,2.078,73.431
73.565,2.098,73.565
73.698,2.118,73.698
73.832,2.139,73.832
73.965,2.159,73.965
74.099,2.18,74.099
74.232,2.201,74.232
74.366,2.223,74.366
74.499,2.246,74.499
74.633,2.269,74.633
74.766,2.292,74.766
74.9,2.316,74.9
75.033,2.34,75.033
75.167,2.363,75.167
75.3,2.387,75.3
75.434,2.412,75.434
75.567,2.436,75.567
75.701,2.46,75.701
75.834,2.485,75.834
75.968,2.509,75.968
76.101,2.534,76.101
76.235,2.56,76.235
76.368,2.585,76.368
76.502,2.612,76.502
76.636,2.638,76.636
76.769,2.665,76.769
76.903,2.692,76.903
77.036,2.719,77.036
77.17,2.746,77.17
77.303,2.774,77.303
77.437,2.802,77.437
77.57,2.832,77.57
77.704,2.863,77.704
77.837,2.893,77.837
77.971,2.925,77.971
78.104,2.957,78.104
78.238,2.989,78.238
78.371,3.022,78.371
78.505,3.057,78.505
78.638,3.092,78.638
78.772,3.127,78.772
78.905,3.162,78.905
79.039,3.198,79.039
79.172,3.234,79.172
79.306,3.27,79.306
79.439,3.306,79.439
79.573,3.342,79.573
79.706,3.378,79.706
79.84,3.415,79.84
79.973,3.453,79.973
80.107,3.491,80.107
80.24,3.53,80.24
80.374,3.57,80.374
80.507,3.609,80.507
80.641,3.65,80.641
80.774,3.69,80.774
80.908,3.731,80.908
81.041,3.773,81.041
81.175,3.814,81.175
81.308,3.857,81.308
81.442,3.904,81.442
81.575,3.953,81.575
81.709,4.003,81.709
81.842,4.052,81.842
81.976,4.102,81.976
82.109,4.152,82.109
82.243,4.203,82.243
82.377,4.255,82.377
82.51,4.309,82.51
82.644,4.363,82.644
82.777,4.42,82.777
82.911,4.477,82.911
83.044,4.534,83.044
83.178,4.592,83.178
83.311,4.652,83.311
83.445,4.712,83.445
83.578,4.774,83.578
83.712,4.837,83.712
83.845,4.9,83.845
83.979,4.964,83.979
84.112,5.03,84.112
84.246,5.097,84.246
84.379,5.171,84.379
84.513,5.246,84.513
84.646,5.328,84.646
84.78,5.411,84.78
84.913,5.493,84.913
85.047,5.576,85.047
85.18,5.659,85.18
85.314,5.743,85.314
85.447,5.828,85.447
85.581,5.915,85.581
85.714,6.002,85.714
85.848,6.091,85.848
85.981,6.182,85.981
86.115,6.277,86.115
86.248,6.372,86.248
86.382,6.47,86.382
86.515,6.569,86.515
86.649,6.67,86.649
86.782,6.779,86.782
86.916,6.892,86.916
87.049,7.005,87.049
87.183,7.122,87.183
87.316,7.243,87.316
87.45,7.366,87.45
87.583,7.49,87.583
87.717,7.616,87.717
87.85,7.744,87.85
87.984,7.873,87.984
88.117,8.005,88.117
88.251,8.137,88.251
88.385,8.269,88.385
88.518,8.402,88.518
88.652,8.536,88.652
88.785,8.678,88.785
88.919,8.823,88.919
89.052,8.971,89.052
89.186,9.119,89.186
89.319,9.27,89.319
89.453,9.421,89.453
89.586,9.573,89.586
89.72,9.727,89.72
89.853,9.883,89.853
89.987,10.04,89.987
90.12,10.202,90.12
90.254,10.371,90.254
90.387,10.544,90.387
90.521,10.718,90.521
90.654,10.894,90.654
90.788,11.071,90.788
90.921,11.248,90.921
91.055,11.426,91.055
91.188,11.612,91.188
91.322,11.808,91.322
91.455,12.006,91.455
91.589,12.211,91.589
91.722,12.419,91.722
91.856,12.63,91.856
91.989,12.85,91.989
92.123,13.082,92.123
92.256,13.316,92.256
92.39,13.557,92.39
92.523,13.8,92.523
92.657,14.051,92.657
92.79,14.302,92.79
92.924,14.554,92.924
93.057,14.813,93.057
93.191,15.071,93.191
93.324,15.338,93.324
93.458,15.615,93.458
93.591,15.901,93.591
93.725,16.267,93.725
93.858,16.634,93.858
93.992,17.008,93.992
94.126,17.434,94.126
94.259,17.86,94.259
94.393,18.301,94.393
94.526,18.741,94.526
94.66,19.188,94.66
94.793,19.664,94.793
94.927,20.157,94.927
95.06,20.665,95.06
95.194,21.174,95.194
95.327,21.72,95.327
95.461,22.274,95.461
95.594,22.837,95.594
95.728,23.492,95.728
95.861,24.163,95.861
95.995,24.852,95.995
96.128,25.598,96.128
96.262,26.416,96.262
96.395,27.284,96.395
96.529,28.171,96.529
96.662,29.067,96.662
96.796,30.014,96.796
96.929,30.977,96.929
97.063,31.943,97.063
97.196,32.976,97.196
97.33,34.01,97.33
97.463,35.334,97.463
97.597,36.659,97.597
97.73,38.027,97.73
97.864,39.452,97.864
97.997,40.981,97.997
98.131,42.674,98.131
98.264,44.479,98.264
98.398,46.44,98.398
98.531,48.44,98.531
98.665,50.741,98.665
98.798,53.065,98.798
98.932,55.917,98.932
99.065,58.796,99.065
99.199,61.931,99.199
99.332,65.325,99.332
99.466,69.503,99.466
99.599,74.233,99.599
99.733,78.976,99.733
99.866,85.239,99.866
100.0,100.0,100.0
