cwe_id,cves_count,rank_freq,pct_acumulado,cwe_nome_curto,cwe_label,pct_do_total,in_pareto80,top30
CWE-79,41171,1,14.76,XSS,CWE-79 - XSS,14.761,True,True
CWE-89,17467,2,21.02,SQL Injection,CWE-89 - SQL Injection,6.263,True,True
CWE-119,13229,3,25.77,Buffer Overflow,CWE-119 - Buffer Overflow,4.743,True,True
CWE-787,13192,4,30.5,Out-of-bounds Write,CWE-787 - Out-of-bounds Write,4.73,True,True
CWE-20,11653,5,34.67,Improper Input Validation,CWE-20 - Improper Input Validation,4.178,True,True
CWE-200,9468,6,38.07,Information Exposure,CWE-200 - Information Exposure,3.395,True,True
CWE-352,8744,7,41.2,CSRF,CWE-352 - CSRF,3.135,True,True
CWE-125,8030,8,44.08,Out-of-bounds Read,CWE-125 - Out-of-bounds Read,2.879,True,True
CWE-22,7952,9,46.93,Path Traversal,CWE-22 - Path Traversal,2.851,True,True
CWE-862,6482,10,49.26,Missing Authorization,CWE-862 - Missing Authorization,2.324,True,True
CWE-416,6418,11,51.56,Use After Free,CWE-416 - Use After Free,2.301,True,True
CWE-94,5579,12,53.56,Code Injection,CWE-94 - Code Injection,2.0,True,True
CWE-264,5469,13,55.52,Permissions/Privileges,CWE-264 - Permissions/Privileges,1.961,True,True
CWE-78,5035,14,57.33,OS Command Injection,CWE-78 - OS Command Injection,1.805,True,True
CWE-476,4723,15,59.02,NULL Pointer Dereference,CWE-476 - NULL Pointer Dereference,1.693,True,True
CWE-284,4265,16,60.55,Improper Access Control,CWE-284 - Improper Access Control,1.529,True,True
CWE-287,3974,17,61.97,Improper Authentication,CWE-287 - Improper Authentication,1.425,True,True
CWE-74,3814,18,63.34,Injection (umbrella),CWE-74 - Injection (umbrella),1.367,True,True
CWE-120,3697,19,64.67,Classic Buffer Overflow,CWE-120 - Classic Buffer Overflow,1.326,True,True
CWE-434,3692,20,65.99,Unrestricted File Upload,CWE-434 - Unrestricted File Upload,1.324,True,True
CWE-77,2883,21,67.02,Command Injection,CWE-77 - Command Injection,1.034,True,True
CWE-190,2882,22,68.06,Integer Overflow,CWE-190 - Integer Overflow,1.033,True,True
CWE-399,2694,23,69.02,Resource Management Errors,CWE-399 - Resource Management Errors,0.966,True,True
CWE-121,2687,24,69.99,Stack-based Buffer Overflow,CWE-121 - Stack-based Buffer Overflow,0.963,True,True
CWE-400,2641,25,70.93,Uncontrolled Resource Consumption,CWE-400 - Uncontrolled Resource Consumption,0.947,True,True
CWE-310,2500,26,71.83,Cryptographic Issues,CWE-310 - Cryptographic Issues,0.896,True,True
CWE-269,2473,27,72.72,Improper Privilege Management,CWE-269 - Improper Privilege Management,0.887,True,True
CWE-863,2422,28,73.58,Incorrect Authorization,CWE-863 - Incorrect Authorization,0.868,True,True
CWE-502,2280,29,74.4,Deserialization,CWE-502 - Deserialization,0.817,True,True
CWE-362,2080,30,75.15,Race Condition,CWE-362 - Race Condition,0.746,True,True
CWE-918,1922,31,75.84,SSRF,CWE-918 - SSRF,0.689,True,False
CWE-306,1871,32,76.51,Missing Authentication,CWE-306 - Missing Authentication,0.671,True,False
CWE-122,1829,33,77.16,Heap-based Buffer Overflow,CWE-122 - Heap-based Buffer Overflow,0.656,True,False
CWE-798,1570,34,77.73,Hard-coded Credentials,CWE-798 - Hard-coded Credentials,0.563,True,False
CWE-732,1544,35,78.28,Incorrect Permission Assignment,CWE-732 - Incorrect Permission Assignment,0.554,True,False
CWE-401,1524,36,78.83,Memory Leak,CWE-401 - Memory Leak,0.546,True,False
CWE-276,1420,37,79.34,Incorrect Default Permissions,CWE-276 - Incorrect Default Permissions,0.509,True,False
CWE-770,1417,38,79.84,Allocation Without Limits,CWE-770 - Allocation Without Limits,0.508,True,False
CWE-59,1375,39,80.34,Link Following,CWE-59 - Link Following,0.493,False,False
CWE-601,1326,40,80.81,Open Redirect,CWE-601 - Open Redirect,0.475,False,False
CWE-522,1246,41,81.26,Insufficiently Protected Credentials,CWE-522 - Insufficiently Protected Credentials,0.447,False,False
CWE-189,1229,42,81.7,Numeric Errors,CWE-189 - Numeric Errors,0.441,False,False
CWE-295,1229,43,82.14,Improper Certificate Validation,CWE-295 - Improper Certificate Validation,0.441,False,False
CWE-639,1189,44,82.57,IDOR,CWE-639 - IDOR,0.426,False,False
CWE-611,1188,45,82.99,XXE,CWE-611 - XXE,0.426,False,False
CWE-427,1043,46,83.37,DLL Hijacking,CWE-427 - DLL Hijacking,0.374,False,False
CWE-532,1024,47,83.73,Sensitive Info in Log,CWE-532 - Sensitive Info in Log,0.367,False,False
CWE-285,1019,48,84.1,Improper Authorization,CWE-285 - Improper Authorization,0.365,False,False
CWE-319,798,49,84.38,Cleartext Transmission,CWE-319 - Cleartext Transmission,0.286,False,False
CWE-255,773,50,84.66,Credentials Management Errors,CWE-255 - Credentials Management Errors,0.277,False,False
CWE-312,744,51,84.93,CWE-312,CWE-312,0.267,False,False
CWE-835,722,52,85.19,CWE-835,CWE-835,0.259,False,False
CWE-98,721,53,85.45,CWE-98,CWE-98,0.259,False,False
CWE-203,703,54,85.7,CWE-203,CWE-203,0.252,False,False
CWE-908,700,55,85.95,CWE-908,CWE-908,0.251,False,False
CWE-415,699,56,86.2,CWE-415,CWE-415,0.251,False,False
CWE-843,680,57,86.44,CWE-843,CWE-843,0.244,False,False
CWE-668,672,58,86.68,CWE-668,CWE-668,0.241,False,False
CWE-617,651,59,86.92,CWE-617,CWE-617,0.233,False,False
CWE-266,648,60,87.15,CWE-266,CWE-266,0.232,False,False
CWE-667,614,61,87.37,CWE-667,CWE-667,0.22,False,False
CWE-327,587,62,87.58,CWE-327,CWE-327,0.21,False,False
CWE-426,582,63,87.79,CWE-426,CWE-426,0.209,False,False
CWE-347,571,64,87.99,CWE-347,CWE-347,0.205,False,False
CWE-404,553,65,88.19,CWE-404,CWE-404,0.198,False,False
CWE-755,547,66,88.39,CWE-755,CWE-755,0.196,False,False
CWE-129,517,67,88.57,CWE-129,CWE-129,0.185,False,False
CWE-311,497,68,88.75,CWE-311,CWE-311,0.178,False,False
CWE-367,494,69,88.93,CWE-367,CWE-367,0.177,False,False
CWE-209,493,70,89.11,CWE-209,CWE-209,0.177,False,False
CWE-307,491,71,89.28,CWE-307,CWE-307,0.176,False,False
CWE-345,485,72,89.46,CWE-345,CWE-345,0.174,False,False
CWE-754,482,73,89.63,CWE-754,CWE-754,0.173,False,False
CWE-290,472,74,89.8,CWE-290,CWE-290,0.169,False,False
CWE-80,451,75,89.96,CWE-80,CWE-80,0.162,False,False
CWE-613,438,76,90.12,CWE-613,CWE-613,0.157,False,False
CWE-772,435,77,90.27,CWE-772,CWE-772,0.156,False,False
CWE-326,431,78,90.43,CWE-326,CWE-326,0.155,False,False
CWE-1321,423,79,90.58,CWE-1321,CWE-1321,0.152,False,False
CWE-552,421,80,90.73,CWE-552,CWE-552,0.151,False,False
CWE-288,421,81,90.88,CWE-288,CWE-288,0.151,False,False
CWE-254,414,82,91.03,CWE-254,CWE-254,0.148,False,False
CWE-346,413,83,91.18,CWE-346,CWE-346,0.148,False,False
CWE-369,403,84,91.32,CWE-369,CWE-369,0.144,False,False
CWE-126,397,85,91.46,CWE-126,CWE-126,0.142,False,False
CWE-191,375,86,91.6,CWE-191,CWE-191,0.134,False,False
CWE-693,370,87,91.73,CWE-693,CWE-693,0.133,False,False
CWE-384,369,88,91.86,CWE-384,CWE-384,0.132,False,False
CWE-1333,368,89,92.0,CWE-1333,CWE-1333,0.132,False,False
CWE-134,366,90,92.13,CWE-134,CWE-134,0.131,False,False
CWE-1021,361,91,92.26,CWE-1021,CWE-1021,0.129,False,False
CWE-922,358,92,92.38,CWE-922,CWE-922,0.128,False,False
CWE-23,350,93,92.51,CWE-23,CWE-23,0.125,False,False
CWE-116,347,94,92.63,CWE-116,CWE-116,0.124,False,False
CWE-330,343,95,92.76,CWE-330,CWE-330,0.123,False,False
CWE-665,338,96,92.88,CWE-665,CWE-665,0.121,False,False
CWE-674,325,97,92.99,CWE-674,CWE-674,0.117,False,False
CWE-281,315,98,93.11,CWE-281,CWE-281,0.113,False,False
CWE-16,315,99,93.22,CWE-16,CWE-16,0.113,False,False
CWE-73,304,100,93.33,CWE-73,CWE-73,0.109,False,False
CWE-88,282,101,93.43,CWE-88,CWE-88,0.101,False,False
CWE-444,277,102,93.53,CWE-444,CWE-444,0.099,False,False
CWE-1236,274,103,93.63,CWE-1236,CWE-1236,0.098,False,False
CWE-250,265,104,93.72,CWE-250,CWE-250,0.095,False,False
CWE-824,264,105,93.82,CWE-824,CWE-824,0.095,False,False
CWE-497,253,106,93.91,CWE-497,CWE-497,0.091,False,False
CWE-428,248,107,94.0,CWE-428,CWE-428,0.089,False,False
CWE-704,244,108,94.09,CWE-704,CWE-704,0.087,False,False
CWE-521,243,109,94.17,CWE-521,CWE-521,0.087,False,False
CWE-1284,236,110,94.26,CWE-1284,CWE-1284,0.085,False,False
CWE-19,233,111,94.34,CWE-19,CWE-19,0.084,False,False
CWE-1188,232,112,94.42,CWE-1188,CWE-1188,0.083,False,False
CWE-640,231,113,94.51,CWE-640,CWE-640,0.083,False,False
CWE-201,231,114,94.59,CWE-201,CWE-201,0.083,False,False
CWE-321,230,115,94.67,CWE-321,CWE-321,0.082,False,False
CWE-707,229,116,94.75,CWE-707,CWE-707,0.082,False,False
CWE-610,209,117,94.83,CWE-610,CWE-610,0.075,False,False
CWE-425,208,118,94.9,CWE-425,CWE-425,0.075,False,False
CWE-294,187,119,94.97,CWE-294,CWE-294,0.067,False,False
CWE-829,184,120,95.04,CWE-829,CWE-829,0.066,False,False
CWE-494,177,121,95.1,CWE-494,CWE-494,0.063,False,False
CWE-256,177,122,95.16,CWE-256,CWE-256,0.063,False,False
CWE-459,175,123,95.23,CWE-459,CWE-459,0.063,False,False
CWE-917,173,124,95.29,CWE-917,CWE-917,0.062,False,False
CWE-259,168,125,95.35,CWE-259,CWE-259,0.06,False,False
CWE-17,165,126,95.41,CWE-17,CWE-17,0.059,False,False
CWE-822,163,127,95.47,CWE-822,CWE-822,0.058,False,False
CWE-248,160,128,95.52,CWE-248,CWE-248,0.057,False,False
CWE-193,158,129,95.58,CWE-193,CWE-193,0.057,False,False
CWE-359,158,130,95.64,CWE-359,CWE-359,0.057,False,False
CWE-131,153,131,95.69,CWE-131,CWE-131,0.055,False,False
CWE-338,148,132,95.74,CWE-338,CWE-338,0.053,False,False
CWE-252,145,133,95.8,CWE-252,CWE-252,0.052,False,False
CWE-788,143,134,95.85,CWE-788,CWE-788,0.051,False,False
CWE-354,140,135,95.9,CWE-354,CWE-354,0.05,False,False
CWE-35,139,136,95.95,CWE-35,CWE-35,0.05,False,False
CWE-749,138,137,96.0,CWE-749,CWE-749,0.049,False,False
CWE-697,138,138,96.05,CWE-697,CWE-697,0.049,False,False
CWE-451,138,139,96.1,CWE-451,CWE-451,0.049,False,False
CWE-703,130,140,96.14,CWE-703,CWE-703,0.047,False,False
CWE-280,120,141,96.19,CWE-280,CWE-280,0.043,False,False
CWE-305,116,142,96.23,CWE-305,CWE-305,0.042,False,False
CWE-204,115,143,96.27,CWE-204,CWE-204,0.041,False,False
CWE-682,115,144,96.31,CWE-682,CWE-682,0.041,False,False
CWE-331,113,145,96.35,CWE-331,CWE-331,0.041,False,False
CWE-670,112,146,96.39,CWE-670,CWE-670,0.04,False,False
CWE-91,111,147,96.43,CWE-91,CWE-91,0.04,False,False
CWE-457,110,148,96.47,CWE-457,CWE-457,0.039,False,False
CWE-1287,109,149,96.51,CWE-1287,CWE-1287,0.039,False,False
CWE-916,107,150,96.55,CWE-916,CWE-916,0.038,False,False
CWE-275,105,151,96.58,CWE-275,CWE-275,0.038,False,False
CWE-1336,103,152,96.62,CWE-1336,CWE-1336,0.037,False,False
CWE-36,101,153,96.66,CWE-36,CWE-36,0.036,False,False
CWE-680,101,154,96.69,CWE-680,CWE-680,0.036,False,False
CWE-834,100,155,96.73,CWE-834,CWE-834,0.036,False,False
CWE-909,100,156,96.77,CWE-909,CWE-909,0.036,False,False
CWE-358,100,157,96.8,CWE-358,CWE-358,0.036,False,False
CWE-681,100,158,96.84,CWE-681,CWE-681,0.036,False,False
CWE-61,99,159,96.87,CWE-61,CWE-61,0.035,False,False
CWE-24,98,160,96.91,CWE-24,CWE-24,0.035,False,False
CWE-95,98,161,96.94,CWE-95,CWE-95,0.035,False,False
CWE-212,95,162,96.98,CWE-212,CWE-212,0.034,False,False
CWE-93,92,163,97.01,CWE-93,CWE-93,0.033,False,False
CWE-602,91,164,97.04,CWE-602,CWE-602,0.033,False,False
CWE-706,89,165,97.08,CWE-706,CWE-706,0.032,False,False
CWE-208,89,166,97.11,CWE-208,CWE-208,0.032,False,False
CWE-763,85,167,97.14,CWE-763,CWE-763,0.03,False,False
CWE-117,85,168,97.17,CWE-117,CWE-117,0.03,False,False
CWE-823,83,169,97.2,CWE-823,CWE-823,0.03,False,False
CWE-436,79,170,97.23,CWE-436,CWE-436,0.028,False,False
CWE-591,77,171,97.25,CWE-591,CWE-591,0.028,False,False
CWE-789,77,172,97.28,CWE-789,CWE-789,0.028,False,False
CWE-377,76,173,97.31,CWE-377,CWE-377,0.027,False,False
CWE-926,75,174,97.34,CWE-926,CWE-926,0.027,False,False
CWE-1392,75,175,97.36,CWE-1392,CWE-1392,0.027,False,False
CWE-913,73,176,97.39,CWE-913,CWE-913,0.026,False,False
CWE-506,73,177,97.41,CWE-506,CWE-506,0.026,False,False
CWE-669,71,178,97.44,CWE-669,CWE-669,0.025,False,False
CWE-489,71,179,97.47,CWE-489,CWE-489,0.025,False,False
CWE-303,70,180,97.49,CWE-303,CWE-303,0.025,False,False
CWE-840,69,181,97.52,CWE-840,CWE-840,0.025,False,False
CWE-130,69,182,97.54,CWE-130,CWE-130,0.025,False,False
CWE-113,68,183,97.56,CWE-113,CWE-113,0.024,False,False
CWE-620,67,184,97.59,CWE-620,CWE-620,0.024,False,False
CWE-538,67,185,97.61,CWE-538,CWE-538,0.024,False,False
CWE-912,67,186,97.64,CWE-912,CWE-912,0.024,False,False
CWE-1220,66,187,97.66,CWE-1220,CWE-1220,0.024,False,False
CWE-776,66,188,97.68,CWE-776,CWE-776,0.024,False,False
CWE-320,66,189,97.71,CWE-320,CWE-320,0.024,False,False
CWE-565,66,190,97.73,CWE-565,CWE-565,0.024,False,False
CWE-277,65,191,97.75,CWE-277,CWE-277,0.023,False,False
CWE-672,64,192,97.78,CWE-672,CWE-672,0.023,False,False
CWE-184,61,193,97.8,CWE-184,CWE-184,0.022,False,False
CWE-1390,59,194,97.82,CWE-1390,CWE-1390,0.021,False,False
CWE-441,57,195,97.84,CWE-441,CWE-441,0.02,False,False
CWE-29,57,196,97.86,CWE-29,CWE-29,0.02,False,False
CWE-598,57,197,97.88,CWE-598,CWE-598,0.02,False,False
CWE-942,56,198,97.9,CWE-942,CWE-942,0.02,False,False
CWE-662,56,199,97.92,CWE-662,CWE-662,0.02,False,False
CWE-1286,54,200,97.94,CWE-1286,CWE-1286,0.019,False,False
CWE-257,54,201,97.96,CWE-257,CWE-257,0.019,False,False
CWE-267,53,202,97.98,CWE-267,CWE-267,0.019,False,False
CWE-472,53,203,98.0,CWE-472,CWE-472,0.019,False,False
CWE-799,53,204,98.02,CWE-799,CWE-799,0.019,False,False
CWE-407,53,205,98.04,CWE-407,CWE-407,0.019,False,False
CWE-548,51,206,98.05,CWE-548,CWE-548,0.018,False,False
CWE-648,51,207,98.07,CWE-648,CWE-648,0.018,False,False
CWE-328,51,208,98.09,CWE-328,CWE-328,0.018,False,False
CWE-300,50,209,98.11,CWE-300,CWE-300,0.018,False,False
CWE-178,49,210,98.13,CWE-178,CWE-178,0.018,False,False
CWE-379,49,211,98.14,CWE-379,CWE-379,0.018,False,False
CWE-614,48,212,98.16,CWE-614,CWE-614,0.017,False,False
CWE-99,45,213,98.18,CWE-99,CWE-99,0.016,False,False
CWE-15,44,214,98.19,CWE-15,CWE-15,0.016,False,False
CWE-470,44,215,98.21,CWE-470,CWE-470,0.016,False,False
CWE-123,43,216,98.22,CWE-123,CWE-123,0.015,False,False
CWE-923,43,217,98.24,CWE-923,CWE-923,0.015,False,False
CWE-297,43,218,98.26,CWE-297,CWE-297,0.015,False,False
CWE-807,42,219,98.27,CWE-807,CWE-807,0.015,False,False
CWE-653,42,220,98.29,CWE-653,CWE-653,0.015,False,False
CWE-388,40,221,98.3,CWE-388,CWE-388,0.014,False,False
CWE-664,39,222,98.31,CWE-664,CWE-664,0.014,False,False
CWE-90,39,223,98.33,CWE-90,CWE-90,0.014,False,False
CWE-274,39,224,98.34,CWE-274,CWE-274,0.014,False,False
CWE-378,39,225,98.36,CWE-378,CWE-378,0.014,False,False
CWE-87,38,226,98.37,CWE-87,CWE-87,0.014,False,False
CWE-915,38,227,98.38,CWE-915,CWE-915,0.014,False,False
CWE-1391,38,228,98.4,CWE-1391,CWE-1391,0.014,False,False
CWE-335,38,229,98.41,CWE-335,CWE-335,0.014,False,False
CWE-644,37,230,98.42,CWE-644,CWE-644,0.013,False,False
CWE-325,37,231,98.44,CWE-325,CWE-325,0.013,False,False
CWE-940,37,232,98.45,CWE-940,CWE-940,0.013,False,False
CWE-197,37,233,98.46,CWE-197,CWE-197,0.013,False,False
CWE-1285,37,234,98.48,CWE-1285,CWE-1285,0.013,False,False
CWE-385,36,235,98.49,CWE-385,CWE-385,0.013,False,False
CWE-150,36,236,98.5,CWE-150,CWE-150,0.013,False,False
CWE-805,35,237,98.52,CWE-805,CWE-805,0.013,False,False
CWE-440,34,238,98.53,CWE-440,CWE-440,0.012,False,False
CWE-273,34,239,98.54,CWE-273,CWE-273,0.012,False,False
CWE-348,34,240,98.55,CWE-348,CWE-348,0.012,False,False
CWE-92,34,241,98.56,CWE-92,CWE-92,0.012,False,False
CWE-170,34,242,98.58,CWE-170,CWE-170,0.012,False,False
CWE-841,34,243,98.59,CWE-841,CWE-841,0.012,False,False
CWE-316,33,244,98.6,CWE-316,CWE-316,0.012,False,False
CWE-471,33,245,98.61,CWE-471,CWE-471,0.012,False,False
CWE-261,33,246,98.62,CWE-261,CWE-261,0.012,False,False
CWE-405,32,247,98.64,CWE-405,CWE-405,0.011,False,False
CWE-75,31,248,98.65,CWE-75,CWE-75,0.011,False,False
CWE-353,31,249,98.66,CWE-353,CWE-353,0.011,False,False
CWE-241,31,250,98.67,CWE-241,CWE-241,0.011,False,False
CWE-691,31,251,98.68,CWE-691,CWE-691,0.011,False,False
CWE-420,30,252,98.69,CWE-420,CWE-420,0.011,False,False
CWE-302,30,253,98.7,CWE-302,CWE-302,0.011,False,False
CWE-524,30,254,98.71,CWE-524,CWE-524,0.011,False,False
CWE-1004,30,255,98.72,CWE-1004,CWE-1004,0.011,False,False
CWE-924,30,256,98.73,CWE-924,CWE-924,0.011,False,False
CWE-286,29,257,98.74,CWE-286,CWE-286,0.01,False,False
CWE-356,29,258,98.75,CWE-356,CWE-356,0.01,False,False
CWE-409,29,259,98.76,CWE-409,CWE-409,0.01,False,False
CWE-349,29,260,98.78,CWE-349,CWE-349,0.01,False,False
CWE-1393,29,261,98.79,CWE-1393,CWE-1393,0.01,False,False
CWE-213,28,262,98.8,CWE-213,CWE-213,0.01,False,False
CWE-202,28,263,98.81,CWE-202,CWE-202,0.01,False,False
CWE-424,28,264,98.82,CWE-424,CWE-424,0.01,False,False
CWE-323,27,265,98.83,CWE-323,CWE-323,0.01,False,False
CWE-304,27,266,98.84,CWE-304,CWE-304,0.01,False,False
CWE-115,26,267,98.84,CWE-115,CWE-115,0.009,False,False
CWE-782,26,268,98.85,CWE-782,CWE-782,0.009,False,False
CWE-540,26,269,98.86,CWE-540,CWE-540,0.009,False,False
CWE-825,26,270,98.87,CWE-825,CWE-825,0.009,False,False
CWE-185,25,271,98.88,CWE-185,CWE-185,0.009,False,False
CWE-124,25,272,98.89,CWE-124,CWE-124,0.009,False,False
CWE-282,25,273,98.9,CWE-282,CWE-282,0.009,False,False
CWE-114,24,274,98.91,CWE-114,CWE-114,0.009,False,False
CWE-233,24,275,98.92,CWE-233,CWE-233,0.009,False,False
CWE-27,24,276,98.93,CWE-27,CWE-27,0.009,False,False
CWE-118,24,277,98.93,CWE-118,CWE-118,0.009,False,False
CWE-592,23,278,98.94,CWE-592,CWE-592,0.008,False,False
CWE-402,23,279,98.95,CWE-402,CWE-402,0.008,False,False
CWE-391,23,280,98.96,CWE-391,CWE-391,0.008,False,False
CWE-791,23,281,98.97,CWE-791,CWE-791,0.008,False,False
CWE-270,23,282,98.97,CWE-270,CWE-270,0.008,False,False
CWE-260,23,283,98.98,CWE-260,CWE-260,0.008,False,False
CWE-289,22,284,98.99,CWE-289,CWE-289,0.008,False,False
CWE-96,22,285,99.0,CWE-96,CWE-96,0.008,False,False
CWE-690,22,286,99.01,CWE-690,CWE-690,0.008,False,False
CWE-525,22,287,99.01,CWE-525,CWE-525,0.008,False,False
CWE-501,21,288,99.02,CWE-501,CWE-501,0.008,False,False
CWE-41,21,289,99.03,CWE-41,CWE-41,0.008,False,False
CWE-340,21,290,99.04,CWE-340,CWE-340,0.008,False,False
CWE-279,21,291,99.04,CWE-279,CWE-279,0.008,False,False
CWE-272,21,292,99.05,CWE-272,CWE-272,0.008,False,False
CWE-313,21,293,99.06,CWE-313,CWE-313,0.008,False,False
CWE-757,20,294,99.07,CWE-757,CWE-757,0.007,False,False
CWE-268,20,295,99.07,CWE-268,CWE-268,0.007,False,False
CWE-1385,20,296,99.08,CWE-1385,CWE-1385,0.007,False,False
CWE-1295,19,297,99.09,CWE-1295,CWE-1295,0.007,False,False
CWE-1288,19,298,99.1,CWE-1288,CWE-1288,0.007,False,False
CWE-488,19,299,99.1,CWE-488,CWE-488,0.007,False,False
CWE-833,19,300,99.11,CWE-833,CWE-833,0.007,False,False
CWE-1230,19,301,99.12,CWE-1230,CWE-1230,0.007,False,False
CWE-410,18,302,99.12,CWE-410,CWE-410,0.006,False,False
CWE-324,18,303,99.13,CWE-324,CWE-324,0.006,False,False
CWE-927,18,304,99.13,CWE-927,CWE-927,0.006,False,False
CWE-696,18,305,99.14,CWE-696,CWE-696,0.006,False,False
CWE-523,18,306,99.15,CWE-523,CWE-523,0.006,False,False
CWE-84,18,307,99.15,CWE-84,CWE-84,0.006,False,False
CWE-1191,18,308,99.16,CWE-1191,CWE-1191,0.006,False,False
CWE-943,18,309,99.17,CWE-943,CWE-943,0.006,False,False
CWE-226,18,310,99.17,CWE-226,CWE-226,0.006,False,False
CWE-684,18,311,99.18,CWE-684,CWE-684,0.006,False,False
CWE-708,18,312,99.19,CWE-708,CWE-708,0.006,False,False
CWE-778,18,313,99.19,CWE-778,CWE-778,0.006,False,False
CWE-357,17,314,99.2,CWE-357,CWE-357,0.006,False,False
CWE-158,17,315,99.21,CWE-158,CWE-158,0.006,False,False
CWE-460,17,316,99.21,CWE-460,CWE-460,0.006,False,False
CWE-214,17,317,99.22,CWE-214,CWE-214,0.006,False,False
CWE-783,17,318,99.22,CWE-783,CWE-783,0.006,False,False
CWE-657,17,319,99.23,CWE-657,CWE-657,0.006,False,False
CWE-322,16,320,99.24,CWE-322,CWE-322,0.006,False,False
CWE-779,16,321,99.24,CWE-779,CWE-779,0.006,False,False
CWE-590,16,322,99.25,CWE-590,CWE-590,0.006,False,False
CWE-395,16,323,99.25,CWE-395,CWE-395,0.006,False,False
CWE-1104,16,324,99.26,CWE-1104,CWE-1104,0.006,False,False
CWE-195,16,325,99.26,CWE-195,CWE-195,0.006,False,False
CWE-453,16,326,99.27,CWE-453,CWE-453,0.006,False,False
CWE-603,16,327,99.28,CWE-603,CWE-603,0.006,False,False
CWE-417,15,328,99.28,CWE-417,CWE-417,0.005,False,False
CWE-183,15,329,99.29,CWE-183,CWE-183,0.005,False,False
CWE-172,15,330,99.29,CWE-172,CWE-172,0.005,False,False
CWE-253,15,331,99.3,CWE-253,CWE-253,0.005,False,False
CWE-83,15,332,99.3,CWE-83,CWE-83,0.005,False,False
CWE-642,15,333,99.31,CWE-642,CWE-642,0.005,False,False
CWE-477,15,334,99.31,CWE-477,CWE-477,0.005,False,False
CWE-350,15,335,99.32,CWE-350,CWE-350,0.005,False,False
CWE-406,15,336,99.32,CWE-406,CWE-406,0.005,False,False
CWE-837,14,337,99.33,CWE-837,CWE-837,0.005,False,False
CWE-449,14,338,99.33,CWE-449,CWE-449,0.005,False,False
CWE-215,14,339,99.34,CWE-215,CWE-215,0.005,False,False
CWE-549,14,340,99.34,CWE-549,CWE-549,0.005,False,False
CWE-606,14,341,99.35,CWE-606,CWE-606,0.005,False,False
CWE-283,14,342,99.35,CWE-283,CWE-283,0.005,False,False
CWE-244,14,343,99.36,CWE-244,CWE-244,0.005,False,False
CWE-155,14,344,99.36,CWE-155,CWE-155,0.005,False,False
CWE-140,14,345,99.37,CWE-140,CWE-140,0.005,False,False
CWE-26,14,346,99.37,CWE-26,CWE-26,0.005,False,False
CWE-939,13,347,99.38,CWE-939,CWE-939,0.005,False,False
CWE-636,13,348,99.38,CWE-636,CWE-636,0.005,False,False
CWE-394,13,349,99.39,CWE-394,CWE-394,0.005,False,False
CWE-1327,13,350,99.39,CWE-1327,CWE-1327,0.005,False,False
CWE-1259,13,351,99.4,CWE-1259,CWE-1259,0.005,False,False
CWE-1386,13,352,99.4,CWE-1386,CWE-1386,0.005,False,False
CWE-390,13,353,99.41,CWE-390,CWE-390,0.005,False,False
CWE-176,13,354,99.41,CWE-176,CWE-176,0.005,False,False
CWE-526,13,355,99.42,CWE-526,CWE-526,0.005,False,False
CWE-229,13,356,99.42,CWE-229,CWE-229,0.005,False,False
CWE-228,13,357,99.43,CWE-228,CWE-228,0.005,False,False
CWE-366,13,358,99.43,CWE-366,CWE-366,0.005,False,False
CWE-838,12,359,99.43,CWE-838,CWE-838,0.004,False,False
CWE-1394,12,360,99.44,CWE-1394,CWE-1394,0.004,False,False
CWE-1022,12,361,99.44,CWE-1022,CWE-1022,0.004,False,False
CWE-599,12,362,99.45,CWE-599,CWE-599,0.004,False,False
CWE-911,12,363,99.45,CWE-911,CWE-911,0.004,False,False
CWE-759,12,364,99.46,CWE-759,CWE-759,0.004,False,False
CWE-836,12,365,99.46,CWE-836,CWE-836,0.004,False,False
CWE-351,12,366,99.46,CWE-351,CWE-351,0.004,False,False
CWE-1263,12,367,99.47,CWE-1263,CWE-1263,0.004,False,False
CWE-334,12,368,99.47,CWE-334,CWE-334,0.004,False,False
CWE-830,12,369,99.48,CWE-830,CWE-830,0.004,False,False
CWE-1240,11,370,99.48,CWE-1240,CWE-1240,0.004,False,False
CWE-25,11,371,99.49,CWE-25,CWE-25,0.004,False,False
CWE-475,11,372,99.49,CWE-475,CWE-475,0.004,False,False
CWE-413,11,373,99.49,CWE-413,CWE-413,0.004,False,False
CWE-31,11,374,99.5,CWE-31,CWE-31,0.004,False,False
CWE-419,11,375,99.5,CWE-419,CWE-419,0.004,False,False
CWE-337,11,376,99.5,CWE-337,CWE-337,0.004,False,False
CWE-804,11,377,99.51,CWE-804,CWE-804,0.004,False,False
CWE-641,11,378,99.51,CWE-641,CWE-641,0.004,False,False
CWE-762,11,379,99.52,CWE-762,CWE-762,0.004,False,False
CWE-643,10,380,99.52,CWE-643,CWE-643,0.004,False,False
CWE-821,10,381,99.52,CWE-821,CWE-821,0.004,False,False
CWE-232,10,382,99.53,CWE-232,CWE-232,0.004,False,False
CWE-258,10,383,99.53,CWE-258,CWE-258,0.004,False,False
CWE-159,10,384,99.53,CWE-159,CWE-159,0.004,False,False
CWE-1244,10,385,99.54,CWE-1244,CWE-1244,0.004,False,False
CWE-1242,10,386,99.54,CWE-1242,CWE-1242,0.004,False,False
CWE-138,10,387,99.55,CWE-138,CWE-138,0.004,False,False
CWE-392,10,388,99.55,CWE-392,CWE-392,0.004,False,False
CWE-341,10,389,99.55,CWE-341,CWE-341,0.004,False,False
CWE-547,10,390,99.56,CWE-547,CWE-547,0.004,False,False
CWE-363,10,391,99.56,CWE-363,CWE-363,0.004,False,False
CWE-698,10,392,99.56,CWE-698,CWE-698,0.004,False,False
CWE-790,10,393,99.57,CWE-790,CWE-790,0.004,False,False
CWE-296,10,394,99.57,CWE-296,CWE-296,0.004,False,False
CWE-1326,9,395,99.57,CWE-1326,CWE-1326,0.003,False,False
CWE-64,9,396,99.58,CWE-64,CWE-64,0.003,False,False
CWE-1275,9,397,99.58,CWE-1275,CWE-1275,0.003,False,False
CWE-332,9,398,99.58,CWE-332,CWE-332,0.003,False,False
CWE-921,9,399,99.59,CWE-921,CWE-921,0.003,False,False
CWE-1299,9,400,99.59,CWE-1299,CWE-1299,0.003,False,False
CWE-242,9,401,99.59,CWE-242,CWE-242,0.003,False,False
CWE-842,9,402,99.6,CWE-842,CWE-842,0.003,False,False
CWE-1325,9,403,99.6,CWE-1325,CWE-1325,0.003,False,False
CWE-530,9,404,99.6,CWE-530,CWE-530,0.003,False,False
CWE-271,9,405,99.61,CWE-271,CWE-271,0.003,False,False
CWE-76,9,406,99.61,CWE-76,CWE-76,0.003,False,False
CWE-701,9,407,99.61,CWE-701,CWE-701,0.003,False,False
CWE-364,9,408,99.62,CWE-364,CWE-364,0.003,False,False
CWE-820,9,409,99.62,CWE-820,CWE-820,0.003,False,False
CWE-14,8,410,99.62,CWE-14,CWE-14,0.003,False,False
CWE-146,8,411,99.62,CWE-146,CWE-146,0.003,False,False
CWE-421,8,412,99.63,CWE-421,CWE-421,0.003,False,False
CWE-81,8,413,99.63,CWE-81,CWE-81,0.003,False,False
CWE-230,8,414,99.63,CWE-230,CWE-230,0.003,False,False
CWE-329,8,415,99.64,CWE-329,CWE-329,0.003,False,False
CWE-786,8,416,99.64,CWE-786,CWE-786,0.003,False,False
CWE-646,8,417,99.64,CWE-646,CWE-646,0.003,False,False
CWE-1258,8,418,99.64,CWE-1258,CWE-1258,0.003,False,False
CWE-650,8,419,99.65,CWE-650,CWE-650,0.003,False,False
CWE-86,8,420,99.65,CWE-86,CWE-86,0.003,False,False
CWE-456,8,421,99.65,CWE-456,CWE-456,0.003,False,False
CWE-694,8,422,99.66,CWE-694,CWE-694,0.003,False,False
CWE-141,8,423,99.66,CWE-141,CWE-141,0.003,False,False
CWE-561,8,424,99.66,CWE-561,CWE-561,0.003,False,False
CWE-656,8,425,99.66,CWE-656,CWE-656,0.003,False,False
CWE-199,8,426,99.67,CWE-199,CWE-199,0.003,False,False
CWE-941,7,427,99.67,CWE-941,CWE-941,0.003,False,False
CWE-371,7,428,99.67,CWE-371,CWE-371,0.003,False,False
CWE-616,7,429,99.68,CWE-616,CWE-616,0.003,False,False
CWE-308,7,430,99.68,CWE-308,CWE-308,0.003,False,False
CWE-1262,7,431,99.68,CWE-1262,CWE-1262,0.003,False,False
CWE-551,7,432,99.68,CWE-551,CWE-551,0.003,False,False
CWE-315,7,433,99.69,CWE-315,CWE-315,0.003,False,False
CWE-474,7,434,99.69,CWE-474,CWE-474,0.003,False,False
CWE-361,7,435,99.69,CWE-361,CWE-361,0.003,False,False
CWE-82,7,436,99.69,CWE-82,CWE-82,0.003,False,False
CWE-223,7,437,99.7,CWE-223,CWE-223,0.003,False,False
CWE-97,7,438,99.7,CWE-97,CWE-97,0.003,False,False
CWE-299,7,439,99.7,CWE-299,CWE-299,0.003,False,False
CWE-544,7,440,99.7,CWE-544,CWE-544,0.003,False,False
CWE-612,7,441,99.71,CWE-612,CWE-612,0.003,False,False
CWE-1289,7,442,99.71,CWE-1289,CWE-1289,0.003,False,False
CWE-760,7,443,99.71,CWE-760,CWE-760,0.003,False,False
CWE-1050,7,444,99.71,CWE-1050,CWE-1050,0.003,False,False
CWE-1038,6,445,99.71,CWE-1038,CWE-1038,0.002,False,False
CWE-1173,6,446,99.72,CWE-1173,CWE-1173,0.002,False,False
CWE-1270,6,447,99.72,CWE-1270,CWE-1270,0.002,False,False
CWE-1319,6,448,99.72,CWE-1319,CWE-1319,0.002,False,False
CWE-249,6,449,99.72,CWE-249,CWE-249,0.002,False,False
CWE-1274,6,450,99.73,CWE-1274,CWE-1274,0.002,False,False
CWE-37,6,451,99.73,CWE-37,CWE-37,0.002,False,False
CWE-342,6,452,99.73,CWE-342,CWE-342,0.002,False,False
CWE-65,6,453,99.73,CWE-65,CWE-65,0.002,False,False
CWE-265,6,454,99.73,CWE-265,CWE-265,0.002,False,False
CWE-372,6,455,99.74,CWE-372,CWE-372,0.002,False,False
CWE-127,6,456,99.74,CWE-127,CWE-127,0.002,False,False
CWE-177,6,457,99.74,CWE-177,CWE-177,0.002,False,False
CWE-180,6,458,99.74,CWE-180,CWE-180,0.002,False,False
CWE-298,6,459,99.75,CWE-298,CWE-298,0.002,False,False
CWE-1025,6,460,99.75,CWE-1025,CWE-1025,0.002,False,False
CWE-692,6,461,99.75,CWE-692,CWE-692,0.002,False,False
CWE-219,6,462,99.75,CWE-219,CWE-219,0.002,False,False
CWE-1320,6,463,99.75,CWE-1320,CWE-1320,0.002,False,False
CWE-18,6,464,99.76,CWE-18,CWE-18,0.002,False,False
CWE-21,6,465,99.76,CWE-21,CWE-21,0.002,False,False
CWE-710,6,466,99.76,CWE-710,CWE-710,0.002,False,False
CWE-112,6,467,99.76,CWE-112,CWE-112,0.002,False,False
CWE-291,6,468,99.76,CWE-291,CWE-291,0.002,False,False
CWE-1300,5,469,99.77,CWE-1300,CWE-1300,0.002,False,False
CWE-278,5,470,99.77,CWE-278,CWE-278,0.002,False,False
CWE-156,5,471,99.77,CWE-156,CWE-156,0.002,False,False
CWE-1023,5,472,99.77,CWE-1023,CWE-1023,0.002,False,False
CWE-1328,5,473,99.77,CWE-1328,CWE-1328,0.002,False,False
CWE-240,5,474,99.78,CWE-240,CWE-240,0.002,False,False
CWE-826,5,475,99.78,CWE-826,CWE-826,0.002,False,False
CWE-676,5,476,99.78,CWE-676,CWE-676,0.002,False,False
CWE-393,5,477,99.78,CWE-393,CWE-393,0.002,False,False
CWE-167,5,478,99.78,CWE-167,CWE-167,0.002,False,False
CWE-1037,5,479,99.78,CWE-1037,CWE-1037,0.002,False,False
CWE-1250,5,480,99.79,CWE-1250,CWE-1250,0.002,False,False
CWE-649,5,481,99.79,CWE-649,CWE-649,0.002,False,False
CWE-1088,5,482,99.79,CWE-1088,CWE-1088,0.002,False,False
CWE-1260,5,483,99.79,CWE-1260,CWE-1260,0.002,False,False
CWE-645,5,484,99.79,CWE-645,CWE-645,0.002,False,False
CWE-147,5,485,99.79,CWE-147,CWE-147,0.002,False,False
CWE-733,5,486,99.8,CWE-733,CWE-733,0.002,False,False
CWE-368,5,487,99.8,CWE-368,CWE-368,0.002,False,False
CWE-194,5,488,99.8,CWE-194,CWE-194,0.002,False,False
CWE-566,5,489,99.8,CWE-566,CWE-566,0.002,False,False
CWE-534,5,490,99.8,CWE-534,CWE-534,0.002,False,False
CWE-647,5,491,99.81,CWE-647,CWE-647,0.002,False,False
CWE-562,5,492,99.81,CWE-562,CWE-562,0.002,False,False
CWE-1281,5,493,99.81,CWE-1281,CWE-1281,0.002,False,False
CWE-775,5,494,99.81,CWE-775,CWE-775,0.002,False,False
CWE-914,5,495,99.81,CWE-914,CWE-914,0.002,False,False
CWE-792,5,496,99.81,CWE-792,CWE-792,0.002,False,False
CWE-262,5,497,99.82,CWE-262,CWE-262,0.002,False,False
CWE-216,4,498,99.82,CWE-216,CWE-216,0.001,False,False
CWE-539,4,499,99.82,CWE-539,CWE-539,0.001,False,False
CWE-412,4,500,99.82,CWE-412,CWE-412,0.001,False,False
CWE-231,4,501,99.82,CWE-231,CWE-231,0.001,False,False
CWE-1116,4,502,99.82,CWE-1116,CWE-1116,0.001,False,False
CWE-1335,4,503,99.83,CWE-1335,CWE-1335,0.001,False,False
CWE-196,4,504,99.83,CWE-196,CWE-196,0.001,False,False
CWE-1125,4,505,99.83,CWE-1125,CWE-1125,0.001,False,False
CWE-767,4,506,99.83,CWE-767,CWE-767,0.001,False,False
CWE-1357,4,507,99.83,CWE-1357,CWE-1357,0.001,False,False
CWE-573,4,508,99.83,CWE-573,CWE-573,0.001,False,False
CWE-437,4,509,99.83,CWE-437,CWE-437,0.001,False,False
CWE-317,4,510,99.84,CWE-317,CWE-317,0.001,False,False
CWE-192,4,511,99.84,CWE-192,CWE-192,0.001,False,False
CWE-149,4,512,99.84,CWE-149,CWE-149,0.001,False,False
CWE-758,4,513,99.84,CWE-758,CWE-758,0.001,False,False
CWE-1233,4,514,99.84,CWE-1233,CWE-1233,0.001,False,False
CWE-491,4,515,99.84,CWE-491,CWE-491,0.001,False,False
CWE-187,4,516,99.84,CWE-187,CWE-187,0.001,False,False
CWE-771,4,517,99.85,CWE-771,CWE-771,0.001,False,False
CWE-794,4,518,99.85,CWE-794,CWE-794,0.001,False,False
CWE-1077,4,519,99.85,CWE-1077,CWE-1077,0.001,False,False
CWE-671,4,520,99.85,CWE-671,CWE-671,0.001,False,False
CWE-784,4,521,99.85,CWE-784,CWE-784,0.001,False,False
CWE-1256,4,522,99.85,CWE-1256,CWE-1256,0.001,False,False
CWE-1245,4,523,99.85,CWE-1245,CWE-1245,0.001,False,False
CWE-1241,4,524,99.86,CWE-1241,CWE-1241,0.001,False,False
CWE-153,4,525,99.86,CWE-153,CWE-153,0.001,False,False
CWE-769,4,526,99.86,CWE-769,CWE-769,0.001,False,False
CWE-403,4,527,99.86,CWE-403,CWE-403,0.001,False,False
CWE-920,4,528,99.86,CWE-920,CWE-920,0.001,False,False
CWE-597,3,529,99.86,CWE-597,CWE-597,0.001,False,False
CWE-1039,3,530,99.86,CWE-1039,CWE-1039,0.001,False,False
CWE-173,3,531,99.86,CWE-173,CWE-173,0.001,False,False
CWE-628,3,532,99.87,CWE-628,CWE-628,0.001,False,False
CWE-564,3,533,99.87,CWE-564,CWE-564,0.001,False,False
CWE-237,3,534,99.87,CWE-237,CWE-237,0.001,False,False
CWE-1257,3,535,99.87,CWE-1257,CWE-1257,0.001,False,False
CWE-1189,3,536,99.87,CWE-1189,CWE-1189,0.001,False,False
CWE-1204,3,537,99.87,CWE-1204,CWE-1204,0.001,False,False
CWE-686,3,538,99.87,CWE-686,CWE-686,0.001,False,False
CWE-179,3,539,99.87,CWE-179,CWE-179,0.001,False,False
CWE-450,3,540,99.87,CWE-450,CWE-450,0.001,False,False
CWE-1283,3,541,99.87,CWE-1283,CWE-1283,0.001,False,False
CWE-550,3,542,99.88,CWE-550,CWE-550,0.001,False,False
CWE-239,3,543,99.88,CWE-239,CWE-239,0.001,False,False
CWE-467,3,544,99.88,CWE-467,CWE-467,0.001,False,False
CWE-626,3,545,99.88,CWE-626,CWE-626,0.001,False,False
CWE-210,3,546,99.88,CWE-210,CWE-210,0.001,False,False
CWE-756,3,547,99.88,CWE-756,CWE-756,0.001,False,False
CWE-1049,3,548,99.88,CWE-1049,CWE-1049,0.001,False,False
CWE-480,3,549,99.88,CWE-480,CWE-480,0.001,False,False
CWE-40,3,550,99.88,CWE-40,CWE-40,0.001,False,False
CWE-1187,3,551,99.89,CWE-1187,CWE-1187,0.001,False,False
CWE-473,3,552,99.89,CWE-473,CWE-473,0.001,False,False
CWE-1255,3,553,99.89,CWE-1255,CWE-1255,0.001,False,False
CWE-446,3,554,99.89,CWE-446,CWE-446,0.001,False,False
CWE-689,3,555,99.89,CWE-689,CWE-689,0.001,False,False
CWE-683,3,556,99.89,CWE-683,CWE-683,0.001,False,False
CWE-567,3,557,99.89,CWE-567,CWE-567,0.001,False,False
CWE-1279,3,558,99.89,CWE-1279,CWE-1279,0.001,False,False
CWE-1068,3,559,99.89,CWE-1068,CWE-1068,0.001,False,False
CWE-623,3,560,99.9,CWE-623,CWE-623,0.001,False,False
CWE-463,3,561,99.9,CWE-463,CWE-463,0.001,False,False
CWE-780,3,562,99.9,CWE-780,CWE-780,0.001,False,False
CWE-625,3,563,99.9,CWE-625,CWE-625,0.001,False,False
CWE-343,3,564,99.9,CWE-343,CWE-343,0.001,False,False
CWE-839,3,565,99.9,CWE-839,CWE-839,0.001,False,False
CWE-435,3,566,99.9,CWE-435,CWE-435,0.001,False,False
CWE-1332,3,567,99.9,CWE-1332,CWE-1332,0.001,False,False
CWE-1032,3,568,99.9,CWE-1032,CWE-1032,0.001,False,False
CWE-1247,3,569,99.9,CWE-1247,CWE-1247,0.001,False,False
CWE-1007,3,570,99.91,CWE-1007,CWE-1007,0.001,False,False
CWE-687,3,571,99.91,CWE-687,CWE-687,0.001,False,False
CWE-67,3,572,99.91,CWE-67,CWE-67,0.001,False,False
CWE-1303,3,573,99.91,CWE-1303,CWE-1303,0.001,False,False
CWE-447,3,574,99.91,CWE-447,CWE-447,0.001,False,False
CWE-705,3,575,99.91,CWE-705,CWE-705,0.001,False,False
CWE-730,2,576,99.91,CWE-730,CWE-730,0.001,False,False
CWE-1103,2,577,99.91,CWE-1103,CWE-1103,0.001,False,False
CWE-28,2,578,99.91,CWE-28,CWE-28,0.001,False,False
CWE-627,2,579,99.91,CWE-627,CWE-627,0.001,False,False
CWE-1112,2,580,99.92,CWE-1112,CWE-1112,0.001,False,False
CWE-227,2,581,99.92,CWE-227,CWE-227,0.001,False,False
CWE-563,2,582,99.92,CWE-563,CWE-563,0.001,False,False
CWE-168,2,583,99.92,CWE-168,CWE-168,0.001,False,False
CWE-128,2,584,99.92,CWE-128,CWE-128,0.001,False,False
CWE-142,2,585,99.92,CWE-142,CWE-142,0.001,False,False
CWE-1342,2,586,99.92,CWE-1342,CWE-1342,0.001,False,False
CWE-234,2,587,99.92,CWE-234,CWE-234,0.001,False,False
CWE-85,2,588,99.92,CWE-85,CWE-85,0.001,False,False
CWE-344,2,589,99.92,CWE-344,CWE-344,0.001,False,False
CWE-1018,2,590,99.92,CWE-1018,CWE-1018,0.001,False,False
CWE-11,2,591,99.92,CWE-11,CWE-11,0.001,False,False
CWE-360,2,592,99.92,CWE-360,CWE-360,0.001,False,False
CWE-531,2,593,99.92,CWE-531,CWE-531,0.001,False,False
CWE-1272,2,594,99.93,CWE-1272,CWE-1272,0.001,False,False
CWE-466,2,595,99.93,CWE-466,CWE-466,0.001,False,False
CWE-1024,2,596,99.93,CWE-1024,CWE-1024,0.001,False,False
CWE-1,2,597,99.93,CWE-1,CWE-1,0.001,False,False
CWE-144,2,598,99.93,CWE-144,CWE-144,0.001,False,False
CWE-827,2,599,99.93,CWE-827,CWE-827,0.001,False,False
CWE-205,2,600,99.93,CWE-205,CWE-205,0.001,False,False
CWE-588,2,601,99.93,CWE-588,CWE-588,0.001,False,False
CWE-1176,2,602,99.93,CWE-1176,CWE-1176,0.001,False,False
CWE-1107,2,603,99.93,CWE-1107,CWE-1107,0.001,False,False
CWE-1234,2,604,99.93,CWE-1234,CWE-1234,0.001,False,False
CWE-1100,2,605,99.93,CWE-1100,CWE-1100,0.001,False,False
CWE-622,2,606,99.93,CWE-622,CWE-622,0.001,False,False
CWE-468,2,607,99.93,CWE-468,CWE-468,0.001,False,False
CWE-1329,2,608,99.94,CWE-1329,CWE-1329,0.001,False,False
CWE-408,2,609,99.94,CWE-408,CWE-408,0.001,False,False
CWE-1246,2,610,99.94,CWE-1246,CWE-1246,0.001,False,False
CWE-465,2,611,99.94,CWE-465,CWE-465,0.001,False,False
CWE-1076,2,612,99.94,CWE-1076,CWE-1076,0.001,False,False
CWE-235,2,613,99.94,CWE-235,CWE-235,0.001,False,False
CWE-164,2,614,99.94,CWE-164,CWE-164,0.001,False,False
CWE-1269,2,615,99.94,CWE-1269,CWE-1269,0.001,False,False
CWE-182,2,616,99.94,CWE-182,CWE-182,0.001,False,False
CWE-414,2,617,99.94,CWE-414,CWE-414,0.001,False,False
CWE-32,2,618,99.94,CWE-32,CWE-32,0.001,False,False
CWE-1223,2,619,99.94,CWE-1223,CWE-1223,0.001,False,False
CWE-1221,2,620,99.94,CWE-1221,CWE-1221,0.001,False,False
CWE-1298,2,621,99.94,CWE-1298,CWE-1298,0.001,False,False
CWE-111,2,622,99.95,CWE-111,CWE-111,0.001,False,False
CWE-62,2,623,99.95,CWE-62,CWE-62,0.001,False,False
CWE-1323,2,624,99.95,CWE-1323,CWE-1323,0.001,False,False
CWE-1254,2,625,99.95,CWE-1254,CWE-1254,0.001,False,False
CWE-925,2,626,99.95,CWE-925,CWE-925,0.001,False,False
CWE-555,2,627,99.95,CWE-555,CWE-555,0.001,False,False
CWE-815,2,628,99.95,CWE-815,CWE-815,0.001,False,False
CWE-1251,2,629,99.95,CWE-1251,CWE-1251,0.001,False,False
CWE-1389,2,630,99.95,CWE-1389,CWE-1389,0.001,False,False
CWE-1264,2,631,99.95,CWE-1264,CWE-1264,0.001,False,False
CWE-1231,2,632,99.95,CWE-1231,CWE-1231,0.001,False,False
CWE-527,2,633,99.95,CWE-527,CWE-527,0.001,False,False
CWE-652,2,634,99.95,CWE-652,CWE-652,0.001,False,False
CWE-69,2,635,99.95,CWE-69,CWE-69,0.001,False,False
CWE-499,2,636,99.96,CWE-499,CWE-499,0.001,False,False
CWE-448,2,637,99.96,CWE-448,CWE-448,0.001,False,False
CWE-675,2,638,99.96,CWE-675,CWE-675,0.001,False,False
CWE-528,2,639,99.96,CWE-528,CWE-528,0.001,False,False
CWE-431,2,640,99.96,CWE-431,CWE-431,0.001,False,False
CWE-1108,2,641,99.96,CWE-1108,CWE-1108,0.001,False,False
CWE-422,2,642,99.96,CWE-422,CWE-422,0.001,False,False
CWE-148,2,643,99.96,CWE-148,CWE-148,0.001,False,False
CWE-535,2,644,99.96,CWE-535,CWE-535,0.001,False,False
CWE-828,2,645,99.96,CWE-828,CWE-828,0.001,False,False
CWE-774,2,646,99.96,CWE-774,CWE-774,0.001,False,False
CWE-1384,2,647,99.96,CWE-1384,CWE-1384,0.001,False,False
CWE-761,2,648,99.96,CWE-761,CWE-761,0.001,False,False
CWE-1106,1,649,99.96,CWE-1106,CWE-1106,0.0,False,False
CWE-571,1,650,99.96,CWE-571,CWE-571,0.0,False,False
CWE-166,1,651,99.96,CWE-166,CWE-166,0.0,False,False
CWE-462,1,652,99.97,CWE-462,CWE-462,0.0,False,False
CWE-44,1,653,99.97,CWE-44,CWE-44,0.0,False,False
CWE-1313,1,654,99.97,CWE-1313,CWE-1313,0.0,False,False
CWE-1291,1,655,99.97,CWE-1291,CWE-1291,0.0,False,False
CWE-952,1,656,99.97,CWE-952,CWE-952,0.0,False,False
CWE-57,1,657,99.97,CWE-57,CWE-57,0.0,False,False
CWE-43,1,658,99.97,CWE-43,CWE-43,0.0,False,False
CWE-30,1,659,99.97,CWE-30,CWE-30,0.0,False,False
CWE-374,1,660,99.97,CWE-374,CWE-374,0.0,False,False
CWE-1027,1,661,99.97,CWE-1027,CWE-1027,0.0,False,False
CWE-832,1,662,99.97,CWE-832,CWE-832,0.0,False,False
CWE-454,1,663,99.97,CWE-454,CWE-454,0.0,False,False
CWE-624,1,664,99.97,CWE-624,CWE-624,0.0,False,False
CWE-1057,1,665,99.97,CWE-1057,CWE-1057,0.0,False,False
CWE-1352,1,666,99.97,CWE-1352,CWE-1352,0.0,False,False
CWE-355,1,667,99.97,CWE-355,CWE-355,0.0,False,False
CWE-621,1,668,99.97,CWE-621,CWE-621,0.0,False,False
CWE-509,1,669,99.97,CWE-509,CWE-509,0.0,False,False
CWE-587,1,670,99.97,CWE-587,CWE-587,0.0,False,False
CWE-1218,1,671,99.97,CWE-1218,CWE-1218,0.0,False,False
CWE-5,1,672,99.97,CWE-5,CWE-5,0.0,False,False
CWE-154,1,673,99.97,CWE-154,CWE-154,0.0,False,False
CWE-207,1,674,99.97,CWE-207,CWE-207,0.0,False,False
CWE-895,1,675,99.97,CWE-895,CWE-895,0.0,False,False
CWE-600,1,676,99.97,CWE-600,CWE-600,0.0,False,False
CWE-495,1,677,99.97,CWE-495,CWE-495,0.0,False,False
CWE-50,1,678,99.97,CWE-50,CWE-50,0.0,False,False
CWE-485,1,679,99.97,CWE-485,CWE-485,0.0,False,False
CWE-1102,1,680,99.98,CWE-1102,CWE-1102,0.0,False,False
CWE-1253,1,681,99.98,CWE-1253,CWE-1253,0.0,False,False
CWE-6,1,682,99.98,CWE-6,CWE-6,0.0,False,False
CWE-882,1,683,99.98,CWE-882,CWE-882,0.0,False,False
CWE-556,1,684,99.98,CWE-556,CWE-556,0.0,False,False
CWE-1174,1,685,99.98,CWE-1174,CWE-1174,0.0,False,False
CWE-102,1,686,99.98,CWE-102,CWE-102,0.0,False,False
CWE-511,1,687,99.98,CWE-511,CWE-511,0.0,False,False
CWE-34,1,688,99.98,CWE-34,CWE-34,0.0,False,False
CWE-507,1,689,99.98,CWE-507,CWE-507,0.0,False,False
CWE-263,1,690,99.98,CWE-263,CWE-263,0.0,False,False
CWE-520,1,691,99.98,CWE-520,CWE-520,0.0,False,False
CWE-1055,1,692,99.98,CWE-1055,CWE-1055,0.0,False,False
CWE-1056,1,693,99.98,CWE-1056,CWE-1056,0.0,False,False
CWE-1334,1,694,99.98,CWE-1334,CWE-1334,0.0,False,False
CWE-455,1,695,99.98,CWE-455,CWE-455,0.0,False,False
CWE-1164,1,696,99.98,CWE-1164,CWE-1164,0.0,False,False
CWE-39,1,697,99.98,CWE-39,CWE-39,0.0,False,False
CWE-508,1,698,99.98,CWE-508,CWE-508,0.0,False,False
CWE-1310,1,699,99.98,CWE-1310,CWE-1310,0.0,False,False
CWE-962,1,700,99.98,CWE-962,CWE-962,0.0,False,False
CWE-638,1,701,99.98,CWE-638,CWE-638,0.0,False,False
CWE-370,1,702,99.98,CWE-370,CWE-370,0.0,False,False
CWE-1265,1,703,99.98,CWE-1265,CWE-1265,0.0,False,False
CWE-1304,1,704,99.98,CWE-1304,CWE-1304,0.0,False,False
CWE-702,1,705,99.98,CWE-702,CWE-702,0.0,False,False
CWE-1051,1,706,99.98,CWE-1051,CWE-1051,0.0,False,False
CWE-1278,1,707,99.98,CWE-1278,CWE-1278,0.0,False,False
CWE-333,1,708,99.99,CWE-333,CWE-333,0.0,False,False
CWE-198,1,709,99.99,CWE-198,CWE-198,0.0,False,False
CWE-12,1,710,99.99,CWE-12,CWE-12,0.0,False,False
CWE-1083,1,711,99.99,CWE-1083,CWE-1083,0.0,False,False
CWE-186,1,712,99.99,CWE-186,CWE-186,0.0,False,False
CWE-1222,1,713,99.99,CWE-1222,CWE-1222,0.0,False,False
CWE-292,1,714,99.99,CWE-292,CWE-292,0.0,False,False
CWE-1118,1,715,99.99,CWE-1118,CWE-1118,0.0,False,False
CWE-1059,1,716,99.99,CWE-1059,CWE-1059,0.0,False,False
CWE-301,1,717,99.99,CWE-301,CWE-301,0.0,False,False
CWE-336,1,718,99.99,CWE-336,CWE-336,0.0,False,False
CWE-66,1,719,99.99,CWE-66,CWE-66,0.0,False,False
CWE-570,1,720,99.99,CWE-570,CWE-570,0.0,False,False
CWE-339,1,721,99.99,CWE-339,CWE-339,0.0,False,False
CWE-529,1,722,99.99,CWE-529,CWE-529,0.0,False,False
CWE-1026,1,723,99.99,CWE-1026,CWE-1026,0.0,False,False
CWE-1282,1,724,99.99,CWE-1282,CWE-1282,0.0,False,False
CWE-654,1,725,99.99,CWE-654,CWE-654,0.0,False,False
CWE-314,1,726,99.99,CWE-314,CWE-314,0.0,False,False
CWE-605,1,727,99.99,CWE-605,CWE-605,0.0,False,False
CWE-910,1,728,99.99,CWE-910,CWE-910,0.0,False,False
CWE-688,1,729,99.99,CWE-688,CWE-688,0.0,False,False
CWE-236,1,730,99.99,CWE-236,CWE-236,0.0,False,False
CWE-1078,1,731,99.99,CWE-1078,CWE-1078,0.0,False,False
CWE-430,1,732,99.99,CWE-430,CWE-430,0.0,False,False
CWE-482,1,733,99.99,CWE-482,CWE-482,0.0,False,False
CWE-479,1,734,99.99,CWE-479,CWE-479,0.0,False,False
CWE-673,1,735,99.99,CWE-673,CWE-673,0.0,False,False
CWE-765,1,736,100.0,CWE-765,CWE-765,0.0,False,False
CWE-1190,1,737,100.0,CWE-1190,CWE-1190,0.0,False,False
CWE-615,1,738,100.0,CWE-615,CWE-615,0.0,False,False
CWE-143,1,739,100.0,CWE-143,CWE-143,0.0,False,False
CWE-309,1,740,100.0,CWE-309,CWE-309,0.0,False,False
CWE-714,1,741,100.0,CWE-714,CWE-714,0.0,False,False
CWE-541,1,742,100.0,CWE-541,CWE-541,0.0,False,False
CWE-157,1,743,100.0,CWE-157,CWE-157,0.0,False,False
CWE-318,1,744,100.0,CWE-318,CWE-318,0.0,False,False
CWE-1301,1,745,100.0,CWE-1301,CWE-1301,0.0,False,False
CWE-1224,1,746,100.0,CWE-1224,CWE-1224,0.0,False,False
CWE-386,1,747,100.0,CWE-386,CWE-386,0.0,False,False
CWE-618,1,748,100.0,CWE-618,CWE-618,0.0,False,False
CWE-293,1,749,100.0,CWE-293,CWE-293,0.0,False,False
