cwe_id,cves_count,cvss_medio,rank_severity,high_critical_pct,cwe_nome_curto,cwe_label,faixa_cvss_medio,top30_cvss
CWE-730,2,10.0,1,100.0,CWE-730,CWE-730,CRITICAL,True
CWE-1301,1,10.0,2,100.0,CWE-1301,CWE-1301,CRITICAL,True
CWE-370,1,10.0,3,100.0,CWE-370,CWE-370,CRITICAL,True
CWE-507,1,9.8,4,100.0,CWE-507,CWE-507,CRITICAL,True
CWE-1059,1,9.8,5,100.0,CWE-1059,CWE-1059,CRITICAL,True
CWE-509,1,9.8,6,100.0,CWE-509,CWE-509,CRITICAL,True
CWE-293,1,9.8,7,100.0,CWE-293,CWE-293,CRITICAL,True
CWE-1,2,9.8,8,100.0,CWE-1,CWE-1,CRITICAL,True
CWE-621,1,9.8,9,100.0,CWE-621,CWE-621,CRITICAL,True
CWE-468,2,9.8,10,100.0,CWE-468,CWE-468,CRITICAL,True
CWE-1056,1,9.8,11,100.0,CWE-1056,CWE-1056,CRITICAL,True
CWE-44,1,9.8,12,100.0,CWE-44,CWE-44,CRITICAL,True
CWE-12,1,9.8,13,100.0,CWE-12,CWE-12,CRITICAL,True
CWE-66,1,9.8,14,100.0,CWE-66,CWE-66,CRITICAL,True
CWE-157,1,9.8,15,100.0,CWE-157,CWE-157,CRITICAL,True
CWE-69,2,9.3,16,100.0,CWE-69,CWE-69,CRITICAL,True
CWE-43,1,9.3,17,100.0,CWE-43,CWE-43,CRITICAL,True
CWE-187,4,8.95,18,75.0,CWE-187,CWE-187,HIGH,True
CWE-111,2,8.95,19,100.0,CWE-111,CWE-111,HIGH,True
CWE-917,173,8.92,20,94.22,CWE-917,CWE-917,HIGH,True
CWE-153,4,8.9,21,100.0,CWE-153,CWE-153,HIGH,True
CWE-1222,1,8.8,22,100.0,CWE-1222,CWE-1222,HIGH,True
CWE-1265,1,8.8,23,100.0,CWE-1265,CWE-1265,HIGH,True
CWE-263,1,8.8,24,100.0,CWE-263,CWE-263,HIGH,True
CWE-485,1,8.8,25,100.0,CWE-485,CWE-485,HIGH,True
CWE-1027,1,8.8,26,100.0,CWE-1027,CWE-1027,HIGH,True
CWE-422,2,8.8,27,100.0,CWE-422,CWE-422,HIGH,True
CWE-482,1,8.8,28,100.0,CWE-482,CWE-482,HIGH,True
CWE-374,1,8.8,29,100.0,CWE-374,CWE-374,HIGH,True
CWE-6,1,8.8,30,100.0,CWE-6,CWE-6,HIGH,True
CWE-1055,1,8.8,31,100.0,CWE-1055,CWE-1055,HIGH,False
CWE-702,1,8.7,32,100.0,CWE-702,CWE-702,HIGH,False
CWE-198,1,8.7,33,100.0,CWE-198,CWE-198,HIGH,False
CWE-1224,1,8.7,34,100.0,CWE-1224,CWE-1224,HIGH,False
CWE-698,10,8.67,35,80.0,CWE-698,CWE-698,HIGH,False
CWE-588,2,8.65,36,100.0,CWE-588,CWE-588,HIGH,False
CWE-882,1,8.6,37,100.0,CWE-882,CWE-882,HIGH,False
CWE-477,15,8.57,38,86.67,CWE-477,CWE-477,HIGH,False
CWE-502,2280,8.55,39,90.13,Deserialization,CWE-502 - Deserialization,HIGH,False
CWE-1125,4,8.52,40,75.0,CWE-1125,CWE-1125,HIGH,False
CWE-141,8,8.51,41,75.0,CWE-141,CWE-141,HIGH,False
CWE-597,3,8.5,42,66.67,CWE-597,CWE-597,HIGH,False
CWE-403,4,8.48,43,100.0,CWE-403,CWE-403,HIGH,False
CWE-235,2,8.45,44,100.0,CWE-235,CWE-235,HIGH,False
CWE-1321,423,8.45,45,81.8,CWE-1321,CWE-1321,HIGH,False
CWE-288,421,8.44,46,82.19,CWE-288,CWE-288,HIGH,False
CWE-391,23,8.43,47,73.91,CWE-391,CWE-391,HIGH,False
CWE-95,98,8.43,48,88.78,CWE-95,CWE-95,HIGH,False
CWE-78,5035,8.42,49,87.81,OS Command Injection,CWE-78 - OS Command Injection,HIGH,False
CWE-465,2,8.4,50,100.0,CWE-465,CWE-465,HIGH,False
CWE-128,2,8.4,51,100.0,CWE-128,CWE-128,HIGH,False
CWE-242,9,8.39,52,100.0,CWE-242,CWE-242,HIGH,False
CWE-798,1570,8.38,53,82.61,Hard-coded Credentials,CWE-798 - Hard-coded Credentials,HIGH,False
CWE-1104,16,8.34,54,87.5,CWE-1104,CWE-1104,HIGH,False
CWE-603,16,8.34,55,81.25,CWE-603,CWE-603,HIGH,False
CWE-836,12,8.34,56,91.67,CWE-836,CWE-836,HIGH,False
CWE-1118,1,8.3,57,100.0,CWE-1118,CWE-1118,HIGH,False
CWE-1329,2,8.3,58,50.0,CWE-1329,CWE-1329,HIGH,False
CWE-1357,4,8.25,59,100.0,CWE-1357,CWE-1357,HIGH,False
CWE-680,101,8.23,60,90.1,CWE-680,CWE-680,HIGH,False
CWE-1319,6,8.22,61,66.67,CWE-1319,CWE-1319,HIGH,False
CWE-1291,1,8.2,62,100.0,CWE-1291,CWE-1291,HIGH,False
CWE-430,1,8.2,63,100.0,CWE-430,CWE-430,HIGH,False
CWE-675,2,8.2,64,100.0,CWE-675,CWE-675,HIGH,False
CWE-491,4,8.18,65,75.0,CWE-491,CWE-491,HIGH,False
CWE-470,44,8.17,66,81.82,CWE-470,CWE-470,HIGH,False
CWE-434,3692,8.15,67,80.93,Unrestricted File Upload,CWE-434 - Unrestricted File Upload,HIGH,False
CWE-1393,29,8.13,68,68.97,CWE-1393,CWE-1393,HIGH,False
CWE-258,10,8.11,69,70.0,CWE-258,CWE-258,HIGH,False
CWE-301,1,8.1,70,100.0,CWE-301,CWE-301,HIGH,False
CWE-1083,1,8.1,71,100.0,CWE-1083,CWE-1083,HIGH,False
CWE-1352,1,8.1,72,100.0,CWE-1352,CWE-1352,HIGH,False
CWE-29,57,8.09,73,91.23,CWE-29,CWE-29,HIGH,False
CWE-704,244,8.07,74,86.89,CWE-704,CWE-704,HIGH,False
CWE-1260,5,8.06,75,100.0,CWE-1260,CWE-1260,HIGH,False
CWE-843,680,8.06,76,83.53,CWE-843,CWE-843,HIGH,False
CWE-98,721,8.05,77,96.26,CWE-98,CWE-98,HIGH,False
CWE-368,5,8.02,78,80.0,CWE-368,CWE-368,HIGH,False
CWE-121,2687,8.01,79,85.11,Stack-based Buffer Overflow,CWE-121 - Stack-based Buffer Overflow,HIGH,False
CWE-640,231,8.0,80,77.49,CWE-640,CWE-640,HIGH,False
CWE-118,24,7.99,81,70.83,CWE-118,CWE-118,HIGH,False
CWE-1242,10,7.99,82,70.0,CWE-1242,CWE-1242,HIGH,False
CWE-306,1871,7.98,83,75.47,Missing Authentication,CWE-306 - Missing Authentication,HIGH,False
CWE-1270,6,7.97,84,66.67,CWE-1270,CWE-1270,HIGH,False
CWE-249,6,7.97,85,100.0,CWE-249,CWE-249,HIGH,False
CWE-592,23,7.95,86,73.91,CWE-592,CWE-592,HIGH,False
CWE-787,13192,7.94,87,81.27,Out-of-bounds Write,CWE-787 - Out-of-bounds Write,HIGH,False
CWE-506,73,7.94,88,95.89,CWE-506,CWE-506,HIGH,False
CWE-1320,6,7.93,89,100.0,CWE-1320,CWE-1320,HIGH,False
CWE-547,10,7.93,90,80.0,CWE-547,CWE-547,HIGH,False
CWE-521,243,7.93,91,73.66,CWE-521,CWE-521,HIGH,False
CWE-123,43,7.93,92,72.09,CWE-123,CWE-123,HIGH,False
CWE-342,6,7.92,93,66.67,CWE-342,CWE-342,HIGH,False
CWE-124,25,7.91,94,68.0,CWE-124,CWE-124,HIGH,False
CWE-119,13229,7.9,95,75.92,Buffer Overflow,CWE-119 - Buffer Overflow,HIGH,False
CWE-82,7,7.9,96,85.71,CWE-82,CWE-82,HIGH,False
CWE-829,184,7.89,97,77.72,CWE-829,CWE-829,HIGH,False
CWE-361,7,7.89,98,71.43,CWE-361,CWE-361,HIGH,False
CWE-216,4,7.88,99,75.0,CWE-216,CWE-216,HIGH,False
CWE-196,4,7.88,100,100.0,CWE-196,CWE-196,HIGH,False
CWE-120,3697,7.87,101,77.14,Classic Buffer Overflow,CWE-120 - Classic Buffer Overflow,HIGH,False
CWE-96,22,7.87,102,68.18,CWE-96,CWE-96,HIGH,False
CWE-626,3,7.87,103,66.67,CWE-626,CWE-626,HIGH,False
CWE-842,9,7.86,104,88.89,CWE-842,CWE-842,HIGH,False
CWE-77,2883,7.85,105,73.88,Command Injection,CWE-77 - Command Injection,HIGH,False
CWE-749,138,7.85,106,74.64,CWE-749,CWE-749,HIGH,False
CWE-88,282,7.84,107,74.47,CWE-88,CWE-88,HIGH,False
CWE-122,1829,7.81,108,84.53,Heap-based Buffer Overflow,CWE-122 - Heap-based Buffer Overflow,HIGH,False
CWE-494,177,7.81,109,77.97,CWE-494,CWE-494,HIGH,False
CWE-416,6418,7.81,110,82.81,Use After Free,CWE-416 - Use After Free,HIGH,False
CWE-1236,274,7.81,111,76.64,CWE-1236,CWE-1236,HIGH,False
CWE-302,30,7.81,112,70.0,CWE-302,CWE-302,HIGH,False
CWE-556,1,7.8,113,100.0,CWE-556,CWE-556,HIGH,False
CWE-309,1,7.8,114,100.0,CWE-309,CWE-309,HIGH,False
CWE-336,1,7.8,115,100.0,CWE-336,CWE-336,HIGH,False
CWE-479,1,7.8,116,100.0,CWE-479,CWE-479,HIGH,False
CWE-794,4,7.8,117,75.0,CWE-794,CWE-794,HIGH,False
CWE-587,1,7.8,118,100.0,CWE-587,CWE-587,HIGH,False
CWE-62,2,7.8,119,100.0,CWE-62,CWE-62,HIGH,False
CWE-148,2,7.8,120,100.0,CWE-148,CWE-148,HIGH,False
CWE-102,1,7.8,121,100.0,CWE-102,CWE-102,HIGH,False
CWE-1106,1,7.8,122,100.0,CWE-1106,CWE-1106,HIGH,False
CWE-335,38,7.79,123,78.95,CWE-335,CWE-335,HIGH,False
CWE-551,7,7.79,124,71.43,CWE-551,CWE-551,HIGH,False
CWE-289,22,7.78,125,77.27,CWE-289,CWE-289,HIGH,False
CWE-388,40,7.77,126,70.0,CWE-388,CWE-388,HIGH,False
CWE-250,265,7.76,127,78.11,CWE-250,CWE-250,HIGH,False
CWE-114,24,7.75,128,70.83,CWE-114,CWE-114,HIGH,False
CWE-912,67,7.75,129,67.16,CWE-912,CWE-912,HIGH,False
CWE-620,67,7.75,130,67.16,CWE-620,CWE-620,HIGH,False
CWE-915,38,7.75,131,71.05,CWE-915,CWE-915,HIGH,False
CWE-710,6,7.75,132,66.67,CWE-710,CWE-710,HIGH,False
CWE-197,37,7.74,133,81.08,CWE-197,CWE-197,HIGH,False
CWE-307,491,7.74,134,68.43,CWE-307,CWE-307,HIGH,False
CWE-489,71,7.74,135,67.61,CWE-489,CWE-489,HIGH,False
CWE-230,8,7.74,136,62.5,CWE-230,CWE-230,HIGH,False
CWE-75,31,7.73,137,67.74,CWE-75,CWE-75,HIGH,False
CWE-913,73,7.72,138,75.34,CWE-913,CWE-913,HIGH,False
CWE-782,26,7.72,139,76.92,CWE-782,CWE-782,HIGH,False
CWE-129,517,7.72,140,81.43,CWE-129,CWE-129,HIGH,False
CWE-65,6,7.72,141,100.0,CWE-65,CWE-65,HIGH,False
CWE-89,17467,7.71,142,71.84,SQL Injection,CWE-89 - SQL Injection,HIGH,False
CWE-1188,232,7.7,143,67.67,CWE-1188,CWE-1188,HIGH,False
CWE-393,5,7.7,144,80.0,CWE-393,CWE-393,HIGH,False
CWE-646,8,7.7,145,62.5,CWE-646,CWE-646,HIGH,False
CWE-303,70,7.7,146,65.71,CWE-303,CWE-303,HIGH,False
CWE-146,8,7.69,147,87.5,CWE-146,CWE-146,HIGH,False
CWE-1390,59,7.69,148,72.88,CWE-1390,CWE-1390,HIGH,False
CWE-91,111,7.68,149,75.68,CWE-91,CWE-91,HIGH,False
CWE-1257,3,7.67,150,100.0,CWE-1257,CWE-1257,HIGH,False
CWE-278,5,7.66,151,80.0,CWE-278,CWE-278,HIGH,False
CWE-415,699,7.66,152,78.68,CWE-415,CWE-415,HIGH,False
CWE-1391,38,7.65,153,71.05,CWE-1391,CWE-1391,HIGH,False
CWE-1231,2,7.65,154,100.0,CWE-1231,CWE-1231,HIGH,False
CWE-627,2,7.65,155,50.0,CWE-627,CWE-627,HIGH,False
CWE-1103,2,7.65,156,50.0,CWE-1103,CWE-1103,HIGH,False
CWE-652,2,7.65,157,50.0,CWE-652,CWE-652,HIGH,False
CWE-372,6,7.65,158,66.67,CWE-372,CWE-372,HIGH,False
CWE-305,116,7.65,159,68.97,CWE-305,CWE-305,HIGH,False
CWE-195,16,7.64,160,81.25,CWE-195,CWE-195,HIGH,False
CWE-788,143,7.63,161,90.91,CWE-788,CWE-788,HIGH,False
CWE-90,39,7.63,162,64.1,CWE-90,CWE-90,HIGH,False
CWE-1256,4,7.62,163,75.0,CWE-1256,CWE-1256,HIGH,False
CWE-426,582,7.62,164,88.83,CWE-426,CWE-426,HIGH,False
CWE-269,2473,7.61,165,75.78,Improper Privilege Management,CWE-269 - Improper Privilege Management,HIGH,False
CWE-962,1,7.6,166,100.0,CWE-962,CWE-962,HIGH,False
CWE-539,4,7.6,167,75.0,CWE-539,CWE-539,HIGH,False
CWE-287,3974,7.59,168,65.1,Improper Authentication,CWE-287 - Improper Authentication,HIGH,False
CWE-1336,103,7.59,169,71.84,CWE-1336,CWE-1336,HIGH,False
CWE-1173,6,7.58,170,66.67,CWE-1173,CWE-1173,HIGH,False
CWE-611,1188,7.58,171,69.28,XXE,CWE-611 - XXE,HIGH,False
CWE-131,153,7.58,172,71.9,CWE-131,CWE-131,HIGH,False
CWE-194,5,7.58,173,80.0,CWE-194,CWE-194,HIGH,False
CWE-190,2882,7.58,174,75.47,Integer Overflow,CWE-190 - Integer Overflow,HIGH,False
CWE-822,163,7.58,175,82.82,CWE-822,CWE-822,HIGH,False
CWE-134,366,7.57,176,69.4,CWE-134,CWE-134,HIGH,False
CWE-304,27,7.57,177,70.37,CWE-304,CWE-304,HIGH,False
CWE-1279,3,7.57,178,66.67,CWE-1279,CWE-1279,HIGH,False
CWE-1392,75,7.57,179,70.67,CWE-1392,CWE-1392,HIGH,False
CWE-178,49,7.55,180,69.39,CWE-178,CWE-178,HIGH,False
CWE-784,4,7.55,181,75.0,CWE-784,CWE-784,HIGH,False
CWE-26,14,7.54,182,71.43,CWE-26,CWE-26,HIGH,False
CWE-825,26,7.54,183,53.85,CWE-825,CWE-825,HIGH,False
CWE-240,5,7.54,184,80.0,CWE-240,CWE-240,HIGH,False
CWE-565,66,7.54,185,62.12,CWE-565,CWE-565,HIGH,False
CWE-473,3,7.53,186,66.67,CWE-473,CWE-473,HIGH,False
CWE-265,6,7.53,187,66.67,CWE-265,CWE-265,HIGH,False
CWE-298,6,7.52,188,50.0,CWE-298,CWE-298,HIGH,False
CWE-786,8,7.51,189,87.5,CWE-786,CWE-786,HIGH,False
CWE-419,11,7.51,190,72.73,CWE-419,CWE-419,HIGH,False
CWE-428,248,7.5,191,76.61,CWE-428,CWE-428,HIGH,False
CWE-294,187,7.5,192,67.38,CWE-294,CWE-294,HIGH,False
CWE-952,1,7.5,193,100.0,CWE-952,CWE-952,HIGH,False
CWE-5,1,7.5,194,100.0,CWE-5,CWE-5,HIGH,False
CWE-1218,1,7.5,195,100.0,CWE-1218,CWE-1218,HIGH,False
CWE-895,1,7.5,196,100.0,CWE-895,CWE-895,HIGH,False
CWE-166,1,7.5,197,100.0,CWE-166,CWE-166,HIGH,False
CWE-32,2,7.5,198,100.0,CWE-32,CWE-32,HIGH,False
CWE-511,1,7.5,199,100.0,CWE-511,CWE-511,HIGH,False
CWE-520,1,7.5,200,100.0,CWE-520,CWE-520,HIGH,False
CWE-624,1,7.5,201,100.0,CWE-624,CWE-624,HIGH,False
CWE-314,1,7.5,202,100.0,CWE-314,CWE-314,HIGH,False
CWE-227,2,7.5,203,100.0,CWE-227,CWE-227,HIGH,False
CWE-14,8,7.5,204,100.0,CWE-14,CWE-14,HIGH,False
CWE-39,1,7.5,205,100.0,CWE-39,CWE-39,HIGH,False
CWE-1026,1,7.5,206,100.0,CWE-1026,CWE-1026,HIGH,False
CWE-1264,2,7.5,207,100.0,CWE-1264,CWE-1264,HIGH,False
CWE-386,1,7.5,208,100.0,CWE-386,CWE-386,HIGH,False
CWE-839,3,7.5,209,100.0,CWE-839,CWE-839,HIGH,False
CWE-408,2,7.5,210,100.0,CWE-408,CWE-408,HIGH,False
CWE-910,1,7.5,211,100.0,CWE-910,CWE-910,HIGH,False
CWE-50,1,7.5,212,100.0,CWE-50,CWE-50,HIGH,False
CWE-615,1,7.5,213,100.0,CWE-615,CWE-615,HIGH,False
CWE-832,1,7.5,214,100.0,CWE-832,CWE-832,HIGH,False
CWE-154,1,7.5,215,100.0,CWE-154,CWE-154,HIGH,False
CWE-168,2,7.5,216,100.0,CWE-168,CWE-168,HIGH,False
CWE-34,1,7.5,217,100.0,CWE-34,CWE-34,HIGH,False
CWE-1164,1,7.5,218,100.0,CWE-1164,CWE-1164,HIGH,False
CWE-31,11,7.48,219,72.73,CWE-31,CWE-31,HIGH,False
CWE-272,21,7.48,220,66.67,CWE-272,CWE-272,HIGH,False
CWE-681,100,7.48,221,72.0,CWE-681,CWE-681,HIGH,False
CWE-648,51,7.47,222,68.63,CWE-648,CWE-648,HIGH,False
CWE-523,18,7.47,223,77.78,CWE-523,CWE-523,HIGH,False
CWE-97,7,7.47,224,85.71,CWE-97,CWE-97,HIGH,False
CWE-1332,3,7.47,225,33.33,CWE-1332,CWE-1332,HIGH,False
CWE-467,3,7.47,226,66.67,CWE-467,CWE-467,HIGH,False
CWE-191,375,7.46,227,70.4,CWE-191,CWE-191,HIGH,False
CWE-406,15,7.46,228,80.0,CWE-406,CWE-406,HIGH,False
CWE-757,20,7.46,229,70.0,CWE-757,CWE-757,HIGH,False
CWE-599,12,7.46,230,66.67,CWE-599,CWE-599,HIGH,False
CWE-925,2,7.45,231,50.0,CWE-925,CWE-925,HIGH,False
CWE-466,2,7.45,232,100.0,CWE-466,CWE-466,HIGH,False
CWE-590,16,7.45,233,75.0,CWE-590,CWE-590,HIGH,False
CWE-636,13,7.45,234,53.85,CWE-636,CWE-636,HIGH,False
CWE-371,7,7.44,235,71.43,CWE-371,CWE-371,HIGH,False
CWE-273,34,7.44,236,70.59,CWE-273,CWE-273,HIGH,False
CWE-427,1043,7.43,237,80.54,DLL Hijacking,CWE-427 - DLL Hijacking,HIGH,False
CWE-259,168,7.42,238,65.48,CWE-259,CWE-259,HIGH,False
CWE-1285,37,7.42,239,72.97,CWE-1285,CWE-1285,HIGH,False
CWE-733,5,7.42,240,80.0,CWE-733,CWE-733,HIGH,False
CWE-562,5,7.42,241,60.0,CWE-562,CWE-562,HIGH,False
CWE-1274,6,7.42,242,66.67,CWE-1274,CWE-1274,HIGH,False
CWE-823,83,7.42,243,74.7,CWE-823,CWE-823,HIGH,False
CWE-94,5579,7.41,244,65.94,Code Injection,CWE-94 - Code Injection,HIGH,False
CWE-1335,4,7.4,245,50.0,CWE-1335,CWE-1335,HIGH,False
CWE-472,53,7.39,246,56.6,CWE-472,CWE-472,HIGH,False
CWE-25,11,7.38,247,81.82,CWE-25,CWE-25,HIGH,False
CWE-138,10,7.38,248,70.0,CWE-138,CWE-138,HIGH,False
CWE-15,44,7.37,249,75.0,CWE-15,CWE-15,HIGH,False
CWE-1385,20,7.37,250,55.0,CWE-1385,CWE-1385,HIGH,False
CWE-471,33,7.37,251,57.58,CWE-471,CWE-471,HIGH,False
CWE-274,39,7.36,252,66.67,CWE-274,CWE-274,HIGH,False
CWE-268,20,7.35,253,70.0,CWE-268,CWE-268,HIGH,False
CWE-790,10,7.34,254,50.0,CWE-790,CWE-790,HIGH,False
CWE-417,15,7.34,255,66.67,CWE-417,CWE-417,HIGH,False
CWE-353,31,7.34,256,58.06,CWE-353,CWE-353,HIGH,False
CWE-1032,3,7.33,257,33.33,CWE-1032,CWE-1032,HIGH,False
CWE-347,571,7.33,258,62.52,CWE-347,CWE-347,HIGH,False
CWE-805,35,7.33,259,80.0,CWE-805,CWE-805,HIGH,False
CWE-384,369,7.33,260,60.7,CWE-384,CWE-384,HIGH,False
CWE-591,77,7.32,261,81.82,CWE-591,CWE-591,HIGH,False
CWE-170,34,7.31,262,64.71,CWE-170,CWE-170,HIGH,False
CWE-35,139,7.31,263,62.59,CWE-35,CWE-35,HIGH,False
CWE-501,21,7.31,264,66.67,CWE-501,CWE-501,HIGH,False
CWE-1112,2,7.3,265,100.0,CWE-1112,CWE-1112,HIGH,False
CWE-499,2,7.3,266,50.0,CWE-499,CWE-499,HIGH,False
CWE-30,1,7.3,267,100.0,CWE-30,CWE-30,HIGH,False
CWE-527,2,7.3,268,50.0,CWE-527,CWE-527,HIGH,False
CWE-356,29,7.29,269,68.97,CWE-356,CWE-356,HIGH,False
CWE-193,158,7.29,270,63.29,CWE-193,CWE-193,HIGH,False
CWE-331,113,7.29,271,61.06,CWE-331,CWE-331,HIGH,False
CWE-830,12,7.28,272,58.33,CWE-830,CWE-830,HIGH,False
CWE-1394,12,7.28,273,66.67,CWE-1394,CWE-1394,HIGH,False
CWE-267,53,7.28,274,66.04,CWE-267,CWE-267,HIGH,False
CWE-36,101,7.27,275,66.34,CWE-36,CWE-36,HIGH,False
CWE-1189,3,7.27,276,100.0,CWE-1189,CWE-1189,HIGH,False
CWE-420,30,7.26,277,60.0,CWE-420,CWE-420,HIGH,False
CWE-27,24,7.25,278,58.33,CWE-27,CWE-27,HIGH,False
CWE-774,2,7.25,279,100.0,CWE-774,CWE-774,HIGH,False
CWE-23,350,7.24,280,61.71,CWE-23,CWE-23,HIGH,False
CWE-73,304,7.24,281,59.54,CWE-73,CWE-73,HIGH,False
CWE-463,3,7.23,282,66.67,CWE-463,CWE-463,HIGH,False
CWE-762,11,7.23,283,72.73,CWE-762,CWE-762,HIGH,False
CWE-260,23,7.23,284,56.52,CWE-260,CWE-260,HIGH,False
CWE-767,4,7.22,285,75.0,CWE-767,CWE-767,HIGH,False
CWE-820,9,7.22,286,55.56,CWE-820,CWE-820,HIGH,False
CWE-76,9,7.21,287,55.56,CWE-76,CWE-76,HIGH,False
CWE-321,230,7.21,288,59.13,CWE-321,CWE-321,HIGH,False
CWE-824,264,7.2,289,68.94,CWE-824,CWE-824,HIGH,False
CWE-550,3,7.2,290,66.67,CWE-550,CWE-550,HIGH,False
CWE-149,4,7.2,291,75.0,CWE-149,CWE-149,HIGH,False
CWE-233,24,7.2,292,54.17,CWE-233,CWE-233,HIGH,False
CWE-236,1,7.2,293,100.0,CWE-236,CWE-236,HIGH,False
CWE-1190,1,7.2,294,100.0,CWE-1190,CWE-1190,HIGH,False
CWE-179,3,7.2,295,66.67,CWE-179,CWE-179,HIGH,False
CWE-333,1,7.2,296,100.0,CWE-333,CWE-333,HIGH,False
CWE-444,277,7.2,297,58.84,CWE-444,CWE-444,HIGH,False
CWE-763,85,7.19,298,63.53,CWE-763,CWE-763,HIGH,False
CWE-783,17,7.19,299,76.47,CWE-783,CWE-783,HIGH,False
CWE-158,17,7.19,300,52.94,CWE-158,CWE-158,HIGH,False
CWE-453,16,7.19,301,56.25,CWE-453,CWE-453,HIGH,False
CWE-706,89,7.18,302,58.43,CWE-706,CWE-706,HIGH,False
CWE-270,23,7.18,303,56.52,CWE-270,CWE-270,HIGH,False
CWE-338,148,7.17,304,64.19,CWE-338,CWE-338,HIGH,False
CWE-330,343,7.17,305,58.02,CWE-330,CWE-330,HIGH,False
CWE-1049,3,7.17,306,66.67,CWE-1049,CWE-1049,HIGH,False
CWE-189,1229,7.16,307,53.3,Numeric Errors,CWE-189 - Numeric Errors,HIGH,False
CWE-322,16,7.16,308,68.75,CWE-322,CWE-322,HIGH,False
CWE-155,14,7.16,309,35.71,CWE-155,CWE-155,HIGH,False
CWE-130,69,7.16,310,68.12,CWE-130,CWE-130,HIGH,False
CWE-192,4,7.15,311,75.0,CWE-192,CWE-192,HIGH,False
CWE-920,4,7.15,312,50.0,CWE-920,CWE-920,HIGH,False
CWE-761,2,7.15,313,50.0,CWE-761,CWE-761,HIGH,False
CWE-1384,2,7.15,314,50.0,CWE-1384,CWE-1384,HIGH,False
CWE-351,12,7.15,315,58.33,CWE-351,CWE-351,HIGH,False
CWE-228,13,7.15,316,61.54,CWE-228,CWE-228,HIGH,False
CWE-390,13,7.14,317,46.15,CWE-390,CWE-390,HIGH,False
CWE-112,6,7.13,318,66.67,CWE-112,CWE-112,HIGH,False
CWE-308,7,7.13,319,57.14,CWE-308,CWE-308,HIGH,False
CWE-184,61,7.13,320,55.74,CWE-184,CWE-184,HIGH,False
CWE-1240,11,7.12,321,54.55,CWE-1240,CWE-1240,HIGH,False
CWE-436,79,7.12,322,56.96,CWE-436,CWE-436,HIGH,False
CWE-641,11,7.11,323,54.55,CWE-641,CWE-641,HIGH,False
CWE-613,438,7.11,324,56.39,CWE-613,CWE-613,HIGH,False
CWE-345,485,7.1,325,56.49,CWE-345,CWE-345,HIGH,False
CWE-318,1,7.1,326,100.0,CWE-318,CWE-318,HIGH,False
CWE-1282,1,7.1,327,100.0,CWE-1282,CWE-1282,HIGH,False
CWE-144,2,7.1,328,50.0,CWE-144,CWE-144,HIGH,False
CWE-943,18,7.1,329,50.0,CWE-943,CWE-943,HIGH,False
CWE-1241,4,7.1,330,75.0,CWE-1241,CWE-1241,HIGH,False
CWE-522,1246,7.1,331,53.21,Insufficiently Protected Credentials,CWE-522 - Insufficiently Protected Credentials,HIGH,False
CWE-291,6,7.08,332,66.67,CWE-291,CWE-291,HIGH,False
CWE-697,138,7.08,333,55.07,CWE-697,CWE-697,HIGH,False
CWE-253,15,7.08,334,66.67,CWE-253,CWE-253,HIGH,False
CWE-140,14,7.08,335,42.86,CWE-140,CWE-140,HIGH,False
CWE-334,12,7.07,336,58.33,CWE-334,CWE-334,HIGH,False
CWE-911,12,7.07,337,75.0,CWE-911,CWE-911,HIGH,False
CWE-19,233,7.06,338,60.52,CWE-19,CWE-19,HIGH,False
CWE-941,7,7.06,339,71.43,CWE-941,CWE-941,HIGH,False
CWE-234,2,7.05,340,50.0,CWE-234,CWE-234,HIGH,False
CWE-488,19,7.05,341,63.16,CWE-488,CWE-488,HIGH,False
CWE-1326,9,7.04,342,77.78,CWE-1326,CWE-1326,HIGH,False
CWE-1050,7,7.04,343,71.43,CWE-1050,CWE-1050,HIGH,False
CWE-776,66,7.04,344,54.55,CWE-776,CWE-776,HIGH,False
CWE-22,7952,7.04,345,56.59,Path Traversal,CWE-22 - Path Traversal,HIGH,False
CWE-276,1420,7.04,346,60.77,Incorrect Default Permissions,CWE-276 - Incorrect Default Permissions,HIGH,False
CWE-732,1544,7.03,347,60.69,Incorrect Permission Assignment,CWE-732 - Incorrect Permission Assignment,HIGH,False
CWE-412,4,7.02,348,75.0,CWE-412,CWE-412,HIGH,False
CWE-410,18,7.02,349,66.67,CWE-410,CWE-410,HIGH,False
CWE-292,1,7.0,350,100.0,CWE-292,CWE-292,HIGH,False
CWE-1313,1,7.0,351,100.0,CWE-1313,CWE-1313,HIGH,False
CWE-1068,3,7.0,352,66.67,CWE-1068,CWE-1068,HIGH,False
CWE-1246,2,7.0,353,50.0,CWE-1246,CWE-1246,HIGH,False
CWE-690,22,7.0,354,77.27,CWE-690,CWE-690,MEDIUM,False
CWE-789,77,6.99,355,55.84,CWE-789,CWE-789,MEDIUM,False
CWE-271,9,6.99,356,66.67,CWE-271,CWE-271,MEDIUM,False
CWE-311,497,6.99,357,59.96,CWE-311,CWE-311,MEDIUM,False
CWE-616,7,6.99,358,42.86,CWE-616,CWE-616,MEDIUM,False
CWE-185,25,6.98,359,56.0,CWE-185,CWE-185,MEDIUM,False
CWE-300,50,6.98,360,64.0,CWE-300,CWE-300,MEDIUM,False
CWE-441,57,6.98,361,57.89,CWE-441,CWE-441,MEDIUM,False
CWE-327,587,6.98,362,60.48,CWE-327,CWE-327,MEDIUM,False
CWE-1116,4,6.98,363,50.0,CWE-1116,CWE-1116,MEDIUM,False
CWE-405,32,6.97,364,65.62,CWE-405,CWE-405,MEDIUM,False
CWE-682,115,6.97,365,58.26,CWE-682,CWE-682,MEDIUM,False
CWE-296,10,6.97,366,60.0,CWE-296,CWE-296,MEDIUM,False
CWE-918,1922,6.97,367,51.61,SSRF,CWE-918 - SSRF,MEDIUM,False
CWE-326,431,6.97,368,55.22,CWE-326,CWE-326,MEDIUM,False
CWE-248,160,6.96,369,59.38,CWE-248,CWE-248,MEDIUM,False
CWE-64,9,6.96,370,66.67,CWE-64,CWE-64,MEDIUM,False
CWE-942,56,6.95,371,51.79,CWE-942,CWE-942,MEDIUM,False
CWE-180,6,6.95,372,66.67,CWE-180,CWE-180,MEDIUM,False
CWE-771,4,6.95,373,50.0,CWE-771,CWE-771,MEDIUM,False
CWE-286,29,6.94,374,51.72,CWE-286,CWE-286,MEDIUM,False
CWE-352,8744,6.94,375,49.03,CSRF,CWE-352 - CSRF,MEDIUM,False
CWE-341,10,6.94,376,50.0,CWE-341,CWE-341,MEDIUM,False
CWE-916,107,6.94,377,56.07,CWE-916,CWE-916,MEDIUM,False
CWE-807,42,6.94,378,54.76,CWE-807,CWE-807,MEDIUM,False
CWE-413,11,6.94,379,63.64,CWE-413,CWE-413,MEDIUM,False
CWE-346,413,6.93,380,49.15,CWE-346,CWE-346,MEDIUM,False
CWE-261,33,6.92,381,45.45,CWE-261,CWE-261,MEDIUM,False
CWE-456,8,6.91,382,50.0,CWE-456,CWE-456,MEDIUM,False
CWE-1288,19,6.91,383,57.89,CWE-1288,CWE-1288,MEDIUM,False
CWE-20,11653,6.9,384,53.09,Improper Input Validation,CWE-20 - Improper Input Validation,MEDIUM,False
CWE-625,3,6.9,385,33.33,CWE-625,CWE-625,MEDIUM,False
CWE-205,2,6.9,386,50.0,CWE-205,CWE-205,MEDIUM,False
CWE-299,7,6.9,387,57.14,CWE-299,CWE-299,MEDIUM,False
CWE-705,3,6.9,388,33.33,CWE-705,CWE-705,MEDIUM,False
CWE-686,3,6.9,389,33.33,CWE-686,CWE-686,MEDIUM,False
CWE-650,8,6.89,390,50.0,CWE-650,CWE-650,MEDIUM,False
CWE-126,397,6.88,391,60.71,CWE-126,CWE-126,MEDIUM,False
CWE-693,370,6.88,392,49.19,CWE-693,CWE-693,MEDIUM,False
CWE-116,347,6.88,393,47.55,CWE-116,CWE-116,MEDIUM,False
CWE-24,98,6.88,394,47.96,CWE-24,CWE-24,MEDIUM,False
CWE-337,11,6.87,395,63.64,CWE-337,CWE-337,MEDIUM,False
CWE-923,43,6.87,396,46.51,CWE-923,CWE-923,MEDIUM,False
CWE-940,37,6.87,397,43.24,CWE-940,CWE-940,MEDIUM,False
CWE-1187,3,6.87,398,33.33,CWE-1187,CWE-1187,MEDIUM,False
CWE-281,315,6.87,399,57.14,CWE-281,CWE-281,MEDIUM,False
CWE-295,1229,6.87,400,50.37,Improper Certificate Validation,CWE-295 - Improper Certificate Validation,MEDIUM,False
CWE-290,472,6.86,401,45.13,CWE-290,CWE-290,MEDIUM,False
CWE-1287,109,6.86,402,46.79,CWE-1287,CWE-1287,MEDIUM,False
CWE-394,13,6.85,403,53.85,CWE-394,CWE-394,MEDIUM,False
CWE-670,112,6.85,404,57.14,CWE-670,CWE-670,MEDIUM,False
CWE-277,65,6.85,405,53.85,CWE-277,CWE-277,MEDIUM,False
CWE-219,6,6.85,406,50.0,CWE-219,CWE-219,MEDIUM,False
CWE-656,8,6.85,407,50.0,CWE-656,CWE-656,MEDIUM,False
CWE-1100,2,6.85,408,50.0,CWE-1100,CWE-1100,MEDIUM,False
CWE-457,110,6.85,409,60.91,CWE-457,CWE-457,MEDIUM,False
CWE-1333,368,6.84,410,63.59,CWE-1333,CWE-1333,MEDIUM,False
CWE-319,798,6.83,411,52.88,Cleartext Transmission,CWE-319 - Cleartext Transmission,MEDIUM,False
CWE-354,140,6.83,412,52.86,CWE-354,CWE-354,MEDIUM,False
CWE-1284,236,6.83,413,54.24,CWE-1284,CWE-1284,MEDIUM,False
CWE-425,208,6.83,414,50.0,CWE-425,CWE-425,MEDIUM,False
CWE-769,4,6.82,415,75.0,CWE-769,CWE-769,MEDIUM,False
CWE-602,91,6.82,416,49.45,CWE-602,CWE-602,MEDIUM,False
CWE-332,9,6.82,417,77.78,CWE-332,CWE-332,MEDIUM,False
CWE-552,421,6.8,418,51.54,CWE-552,CWE-552,MEDIUM,False
CWE-701,9,6.8,419,55.56,CWE-701,CWE-701,MEDIUM,False
CWE-1253,1,6.8,420,0.0,CWE-1253,CWE-1253,MEDIUM,False
CWE-1234,2,6.8,421,0.0,CWE-1234,CWE-1234,MEDIUM,False
CWE-1286,54,6.8,422,50.0,CWE-1286,CWE-1286,MEDIUM,False
CWE-475,11,6.79,423,45.45,CWE-475,CWE-475,MEDIUM,False
CWE-349,29,6.78,424,55.17,CWE-349,CWE-349,MEDIUM,False
CWE-707,229,6.78,425,31.44,CWE-707,CWE-707,MEDIUM,False
CWE-642,15,6.77,426,40.0,CWE-642,CWE-642,MEDIUM,False
CWE-687,3,6.77,427,33.33,CWE-687,CWE-687,MEDIUM,False
CWE-125,8030,6.76,428,51.62,Out-of-bounds Read,CWE-125 - Out-of-bounds Read,MEDIUM,False
CWE-1300,5,6.76,429,40.0,CWE-1300,CWE-1300,MEDIUM,False
CWE-649,5,6.76,430,40.0,CWE-649,CWE-649,MEDIUM,False
CWE-924,30,6.75,431,50.0,CWE-924,CWE-924,MEDIUM,False
CWE-754,482,6.75,432,49.79,CWE-754,CWE-754,MEDIUM,False
CWE-755,547,6.75,433,53.02,CWE-755,CWE-755,MEDIUM,False
CWE-279,21,6.74,434,57.14,CWE-279,CWE-279,MEDIUM,False
CWE-1039,3,6.73,435,33.33,CWE-1039,CWE-1039,MEDIUM,False
CWE-127,6,6.73,436,50.0,CWE-127,CWE-127,MEDIUM,False
CWE-150,36,6.73,437,52.78,CWE-150,CWE-150,MEDIUM,False
CWE-424,28,6.73,438,50.0,CWE-424,CWE-424,MEDIUM,False
CWE-229,13,6.72,439,46.15,CWE-229,CWE-229,MEDIUM,False
CWE-252,145,6.72,440,47.59,CWE-252,CWE-252,MEDIUM,False
CWE-400,2641,6.72,441,54.45,Uncontrolled Resource Consumption,CWE-400 - Uncontrolled Resource Consumption,MEDIUM,False
CWE-402,23,6.71,442,52.17,CWE-402,CWE-402,MEDIUM,False
CWE-379,49,6.71,443,53.06,CWE-379,CWE-379,MEDIUM,False
CWE-366,13,6.71,444,61.54,CWE-366,CWE-366,MEDIUM,False
CWE-770,1417,6.7,445,50.46,Allocation Without Limits,CWE-770 - Allocation Without Limits,MEDIUM,False
CWE-61,99,6.7,446,48.48,CWE-61,CWE-61,MEDIUM,False
CWE-669,71,6.7,447,53.52,CWE-669,CWE-669,MEDIUM,False
CWE-431,2,6.7,448,50.0,CWE-431,CWE-431,MEDIUM,False
CWE-21,6,6.7,449,33.33,CWE-21,CWE-21,MEDIUM,False
CWE-343,3,6.7,450,33.33,CWE-343,CWE-343,MEDIUM,False
CWE-1254,2,6.7,451,50.0,CWE-1254,CWE-1254,MEDIUM,False
CWE-1334,1,6.7,452,0.0,CWE-1334,CWE-1334,MEDIUM,False
CWE-863,2422,6.68,453,46.53,Incorrect Authorization,CWE-863 - Incorrect Authorization,MEDIUM,False
CWE-350,15,6.68,454,40.0,CWE-350,CWE-350,MEDIUM,False
CWE-1258,8,6.68,455,50.0,CWE-1258,CWE-1258,MEDIUM,False
CWE-758,4,6.68,456,25.0,CWE-758,CWE-758,MEDIUM,False
CWE-232,10,6.67,457,50.0,CWE-232,CWE-232,MEDIUM,False
CWE-363,10,6.67,458,60.0,CWE-363,CWE-363,MEDIUM,False
CWE-610,209,6.67,459,50.72,CWE-610,CWE-610,MEDIUM,False
CWE-708,18,6.66,460,38.89,CWE-708,CWE-708,MEDIUM,False
CWE-672,64,6.65,461,54.69,CWE-672,CWE-672,MEDIUM,False
CWE-340,21,6.65,462,47.62,CWE-340,CWE-340,MEDIUM,False
CWE-1107,2,6.65,463,50.0,CWE-1107,CWE-1107,MEDIUM,False
CWE-297,43,6.65,464,44.19,CWE-297,CWE-297,MEDIUM,False
CWE-1275,9,6.64,465,44.44,CWE-1275,CWE-1275,MEDIUM,False
CWE-367,494,6.64,466,59.31,CWE-367,CWE-367,MEDIUM,False
CWE-392,10,6.64,467,60.0,CWE-392,CWE-392,MEDIUM,False
CWE-833,19,6.64,468,52.63,CWE-833,CWE-833,MEDIUM,False
CWE-407,53,6.63,469,62.26,CWE-407,CWE-407,MEDIUM,False
CWE-674,325,6.62,470,49.23,CWE-674,CWE-674,MEDIUM,False
CWE-835,722,6.62,471,46.95,CWE-835,CWE-835,MEDIUM,False
CWE-37,6,6.62,472,33.33,CWE-37,CWE-37,MEDIUM,False
CWE-653,42,6.62,473,45.24,CWE-653,CWE-653,MEDIUM,False
CWE-399,2694,6.61,474,48.33,Resource Management Errors,CWE-399 - Resource Management Errors,MEDIUM,False
CWE-446,3,6.6,475,33.33,CWE-446,CWE-446,MEDIUM,False
CWE-447,3,6.6,476,33.33,CWE-447,CWE-447,MEDIUM,False
CWE-156,5,6.6,477,20.0,CWE-156,CWE-156,MEDIUM,False
CWE-86,8,6.6,478,37.5,CWE-86,CWE-86,MEDIUM,False
CWE-284,4265,6.59,479,45.98,Improper Access Control,CWE-284 - Improper Access Control,MEDIUM,False
CWE-617,651,6.59,480,48.69,CWE-617,CWE-617,MEDIUM,False
CWE-772,435,6.59,481,36.09,CWE-772,CWE-772,MEDIUM,False
CWE-256,177,6.58,482,36.72,CWE-256,CWE-256,MEDIUM,False
CWE-908,700,6.58,483,38.86,CWE-908,CWE-908,MEDIUM,False
CWE-113,68,6.57,484,32.35,CWE-113,CWE-113,MEDIUM,False
CWE-668,672,6.57,485,43.9,CWE-668,CWE-668,MEDIUM,False
CWE-662,56,6.57,486,44.64,CWE-662,CWE-662,MEDIUM,False
CWE-328,51,6.56,487,43.14,CWE-328,CWE-328,MEDIUM,False
CWE-691,31,6.56,488,45.16,CWE-691,CWE-691,MEDIUM,False
CWE-838,12,6.56,489,41.67,CWE-838,CWE-838,MEDIUM,False
CWE-1220,66,6.56,490,50.0,CWE-1220,CWE-1220,MEDIUM,False
CWE-323,27,6.55,491,25.93,CWE-323,CWE-323,MEDIUM,False
CWE-1025,6,6.55,492,33.33,CWE-1025,CWE-1025,MEDIUM,False
CWE-671,4,6.55,493,50.0,CWE-671,CWE-671,MEDIUM,False
CWE-834,100,6.55,494,37.0,CWE-834,CWE-834,MEDIUM,False
CWE-324,18,6.54,495,38.89,CWE-324,CWE-324,MEDIUM,False
CWE-703,130,6.54,496,48.46,CWE-703,CWE-703,MEDIUM,False
CWE-210,3,6.53,497,33.33,CWE-210,CWE-210,MEDIUM,False
CWE-255,773,6.52,498,46.83,Credentials Management Errors,CWE-255 - Credentials Management Errors,MEDIUM,False
CWE-1263,12,6.51,499,33.33,CWE-1263,CWE-1263,MEDIUM,False
CWE-495,1,6.5,500,0.0,CWE-495,CWE-495,MEDIUM,False
CWE-355,1,6.5,501,0.0,CWE-355,CWE-355,MEDIUM,False
CWE-1102,1,6.5,502,0.0,CWE-1102,CWE-1102,MEDIUM,False
CWE-605,1,6.5,503,0.0,CWE-605,CWE-605,MEDIUM,False
CWE-765,1,6.5,504,0.0,CWE-765,CWE-765,MEDIUM,False
CWE-714,1,6.5,505,0.0,CWE-714,CWE-714,MEDIUM,False
CWE-40,3,6.5,506,33.33,CWE-40,CWE-40,MEDIUM,False
CWE-1051,1,6.5,507,0.0,CWE-1051,CWE-1051,MEDIUM,False
CWE-1204,3,6.5,508,33.33,CWE-1204,CWE-1204,MEDIUM,False
CWE-1024,2,6.5,509,50.0,CWE-1024,CWE-1024,MEDIUM,False
CWE-1076,2,6.5,510,0.0,CWE-1076,CWE-1076,MEDIUM,False
CWE-1174,1,6.5,511,0.0,CWE-1174,CWE-1174,MEDIUM,False
CWE-1342,2,6.5,512,0.0,CWE-1342,CWE-1342,MEDIUM,False
CWE-59,1375,6.5,513,48.65,Link Following,CWE-59 - Link Following,MEDIUM,False
CWE-1004,30,6.5,514,33.33,CWE-1004,CWE-1004,MEDIUM,False
CWE-665,338,6.5,515,44.97,CWE-665,CWE-665,MEDIUM,False
CWE-325,37,6.49,516,40.54,CWE-325,CWE-325,MEDIUM,False
CWE-378,39,6.49,517,56.41,CWE-378,CWE-378,MEDIUM,False
CWE-1289,7,6.49,518,42.86,CWE-1289,CWE-1289,MEDIUM,False
CWE-358,100,6.48,519,49.0,CWE-358,CWE-358,MEDIUM,False
CWE-257,54,6.46,520,44.44,CWE-257,CWE-257,MEDIUM,False
CWE-409,29,6.46,521,31.03,CWE-409,CWE-409,MEDIUM,False
CWE-239,3,6.43,522,66.67,CWE-239,CWE-239,MEDIUM,False
CWE-628,3,6.43,523,66.67,CWE-628,CWE-628,MEDIUM,False
CWE-93,92,6.43,524,32.61,CWE-93,CWE-93,MEDIUM,False
CWE-1325,9,6.42,525,44.44,CWE-1325,CWE-1325,MEDIUM,False
CWE-377,76,6.42,526,46.05,CWE-377,CWE-377,MEDIUM,False
CWE-280,120,6.42,527,47.5,CWE-280,CWE-280,MEDIUM,False
CWE-312,744,6.41,528,41.26,CWE-312,CWE-312,MEDIUM,False
CWE-598,57,6.4,529,38.6,CWE-598,CWE-598,MEDIUM,False
CWE-344,2,6.4,530,50.0,CWE-344,CWE-344,MEDIUM,False
CWE-1278,1,6.4,531,0.0,CWE-1278,CWE-1278,MEDIUM,False
CWE-555,2,6.4,532,0.0,CWE-555,CWE-555,MEDIUM,False
CWE-182,2,6.4,533,50.0,CWE-182,CWE-182,MEDIUM,False
CWE-1245,4,6.4,534,25.0,CWE-1245,CWE-1245,MEDIUM,False
CWE-115,26,6.39,535,34.62,CWE-115,CWE-115,MEDIUM,False
CWE-684,18,6.39,536,38.89,CWE-684,CWE-684,MEDIUM,False
CWE-612,7,6.39,537,28.57,CWE-612,CWE-612,MEDIUM,False
CWE-167,5,6.38,538,40.0,CWE-167,CWE-167,MEDIUM,False
CWE-83,15,6.37,539,26.67,CWE-83,CWE-83,MEDIUM,False
CWE-606,14,6.37,540,35.71,CWE-606,CWE-606,MEDIUM,False
CWE-1386,13,6.37,541,53.85,CWE-1386,CWE-1386,MEDIUM,False
CWE-275,105,6.36,542,43.81,CWE-275,CWE-275,MEDIUM,False
CWE-639,1189,6.36,543,36.75,IDOR,CWE-639 - IDOR,MEDIUM,False
CWE-266,648,6.36,544,44.14,CWE-266,CWE-266,MEDIUM,False
CWE-244,14,6.36,545,35.71,CWE-244,CWE-244,MEDIUM,False
CWE-231,4,6.35,546,50.0,CWE-231,CWE-231,MEDIUM,False
CWE-254,414,6.35,547,39.86,CWE-254,CWE-254,MEDIUM,False
CWE-285,1019,6.35,548,41.51,Improper Authorization,CWE-285 - Improper Authorization,MEDIUM,False
CWE-548,51,6.34,549,35.29,CWE-548,CWE-548,MEDIUM,False
CWE-1023,5,6.34,550,40.0,CWE-1023,CWE-1023,MEDIUM,False
CWE-1259,13,6.34,551,15.38,CWE-1259,CWE-1259,MEDIUM,False
CWE-1191,18,6.32,552,27.78,CWE-1191,CWE-1191,MEDIUM,False
CWE-264,5469,6.31,553,43.35,Permissions/Privileges,CWE-264 - Permissions/Privileges,MEDIUM,False
CWE-16,315,6.3,554,40.63,CWE-16,CWE-16,MEDIUM,False
CWE-644,37,6.3,555,27.03,CWE-644,CWE-644,MEDIUM,False
CWE-143,1,6.3,556,0.0,CWE-143,CWE-143,MEDIUM,False
CWE-792,5,6.3,557,20.0,CWE-792,CWE-792,MEDIUM,False
CWE-339,1,6.3,558,0.0,CWE-339,CWE-339,MEDIUM,False
CWE-1078,1,6.3,559,0.0,CWE-1078,CWE-1078,MEDIUM,False
CWE-183,15,6.29,560,40.0,CWE-183,CWE-183,MEDIUM,False
CWE-664,39,6.28,561,43.59,CWE-664,CWE-664,MEDIUM,False
CWE-202,28,6.28,562,32.14,CWE-202,CWE-202,MEDIUM,False
CWE-385,36,6.27,563,36.11,CWE-385,CWE-385,MEDIUM,False
CWE-214,17,6.27,564,41.18,CWE-214,CWE-214,MEDIUM,False
CWE-364,9,6.27,565,33.33,CWE-364,CWE-364,MEDIUM,False
CWE-689,3,6.27,566,33.33,CWE-689,CWE-689,MEDIUM,False
CWE-437,4,6.25,567,50.0,CWE-437,CWE-437,MEDIUM,False
CWE-241,31,6.25,568,38.71,CWE-241,CWE-241,MEDIUM,False
CWE-921,9,6.24,569,44.44,CWE-921,CWE-921,MEDIUM,False
CWE-283,14,6.24,570,35.71,CWE-283,CWE-283,MEDIUM,False
CWE-759,12,6.24,571,33.33,CWE-759,CWE-759,MEDIUM,False
CWE-480,3,6.23,572,0.0,CWE-480,CWE-480,MEDIUM,False
CWE-362,2080,6.23,573,44.57,Race Condition,CWE-362 - Race Condition,MEDIUM,False
CWE-440,34,6.23,574,29.41,CWE-440,CWE-440,MEDIUM,False
CWE-459,175,6.23,575,36.57,CWE-459,CWE-459,MEDIUM,False
CWE-561,8,6.22,576,37.5,CWE-561,CWE-561,MEDIUM,False
CWE-1327,13,6.21,577,38.46,CWE-1327,CWE-1327,MEDIUM,False
CWE-647,5,6.2,578,40.0,CWE-647,CWE-647,MEDIUM,False
CWE-676,5,6.2,579,40.0,CWE-676,CWE-676,MEDIUM,False
CWE-534,5,6.2,580,40.0,CWE-534,CWE-534,MEDIUM,False
CWE-696,18,6.18,581,27.78,CWE-696,CWE-696,MEDIUM,False
CWE-779,16,6.18,582,31.25,CWE-779,CWE-779,MEDIUM,False
CWE-395,16,6.18,583,25.0,CWE-395,CWE-395,MEDIUM,False
CWE-201,231,6.17,584,30.74,CWE-201,CWE-201,MEDIUM,False
CWE-623,3,6.17,585,33.33,CWE-623,CWE-623,MEDIUM,False
CWE-476,4723,6.17,586,27.91,NULL Pointer Dereference,CWE-476 - NULL Pointer Dereference,MEDIUM,False
CWE-315,7,6.16,587,57.14,CWE-315,CWE-315,MEDIUM,False
CWE-1108,2,6.15,588,50.0,CWE-1108,CWE-1108,MEDIUM,False
CWE-826,5,6.14,589,60.0,CWE-826,CWE-826,MEDIUM,False
CWE-862,6482,6.14,590,30.95,Missing Authorization,CWE-862 - Missing Authorization,MEDIUM,False
CWE-1007,3,6.13,591,33.33,CWE-1007,CWE-1007,MEDIUM,False
CWE-176,13,6.13,592,23.08,CWE-176,CWE-176,MEDIUM,False
CWE-1244,10,6.13,593,40.0,CWE-1244,CWE-1244,MEDIUM,False
CWE-159,10,6.12,594,50.0,CWE-159,CWE-159,MEDIUM,False
CWE-760,7,6.11,595,28.57,CWE-760,CWE-760,MEDIUM,False
CWE-212,95,6.11,596,34.74,CWE-212,CWE-212,MEDIUM,False
CWE-142,2,6.1,597,0.0,CWE-142,CWE-142,MEDIUM,False
CWE-1251,2,6.1,598,0.0,CWE-1251,CWE-1251,MEDIUM,False
CWE-360,2,6.1,599,0.0,CWE-360,CWE-360,MEDIUM,False
CWE-172,15,6.09,600,33.33,CWE-172,CWE-172,MEDIUM,False
CWE-369,403,6.09,601,21.34,CWE-369,CWE-369,MEDIUM,False
CWE-92,34,6.09,602,26.47,CWE-92,CWE-92,MEDIUM,False
CWE-538,67,6.07,603,25.37,CWE-538,CWE-538,MEDIUM,False
CWE-1262,7,6.07,604,42.86,CWE-1262,CWE-1262,MEDIUM,False
CWE-404,553,6.06,605,41.41,CWE-404,CWE-404,MEDIUM,False
CWE-99,45,6.06,606,40.0,CWE-99,CWE-99,MEDIUM,False
CWE-474,7,6.06,607,28.57,CWE-474,CWE-474,MEDIUM,False
CWE-804,11,6.05,608,27.27,CWE-804,CWE-804,MEDIUM,False
CWE-526,13,6.05,609,23.08,CWE-526,CWE-526,MEDIUM,False
CWE-357,17,6.05,610,35.29,CWE-357,CWE-357,MEDIUM,False
CWE-282,25,6.05,611,28.0,CWE-282,CWE-282,MEDIUM,False
CWE-909,100,6.05,612,34.0,CWE-909,CWE-909,MEDIUM,False
CWE-1269,2,6.05,613,50.0,CWE-1269,CWE-1269,MEDIUM,False
CWE-1272,2,6.05,614,50.0,CWE-1272,CWE-1272,MEDIUM,False
CWE-460,17,6.05,615,41.18,CWE-460,CWE-460,MEDIUM,False
CWE-421,8,6.04,616,25.0,CWE-421,CWE-421,MEDIUM,False
CWE-567,3,6.03,617,33.33,CWE-567,CWE-567,MEDIUM,False
CWE-614,48,6.03,618,25.0,CWE-614,CWE-614,MEDIUM,False
CWE-348,34,6.03,619,26.47,CWE-348,CWE-348,MEDIUM,False
CWE-215,14,6.03,620,35.71,CWE-215,CWE-215,MEDIUM,False
CWE-359,158,6.02,621,34.18,CWE-359,CWE-359,MEDIUM,False
CWE-840,69,6.02,622,30.43,CWE-840,CWE-840,MEDIUM,False
CWE-1281,5,6.02,623,40.0,CWE-1281,CWE-1281,MEDIUM,False
CWE-450,3,6.0,624,33.33,CWE-450,CWE-450,MEDIUM,False
CWE-618,1,6.0,625,0.0,CWE-618,CWE-618,MEDIUM,False
CWE-828,2,6.0,626,0.0,CWE-828,CWE-828,MEDIUM,False
CWE-18,6,6.0,627,50.0,CWE-18,CWE-18,MEDIUM,False
CWE-643,10,5.99,628,20.0,CWE-643,CWE-643,MEDIUM,False
CWE-532,1024,5.99,629,28.61,Sensitive Info in Log,CWE-532 - Sensitive Info in Log,MEDIUM,False
CWE-1021,361,5.98,630,25.48,CWE-1021,CWE-1021,MEDIUM,False
CWE-41,21,5.96,631,28.57,CWE-41,CWE-41,MEDIUM,False
CWE-601,1326,5.96,632,7.32,Open Redirect,CWE-601 - Open Redirect,MEDIUM,False
CWE-1038,6,5.95,633,33.33,CWE-1038,CWE-1038,MEDIUM,False
CWE-540,26,5.95,634,26.92,CWE-540,CWE-540,MEDIUM,False
CWE-657,17,5.94,635,29.41,CWE-657,CWE-657,MEDIUM,False
CWE-645,5,5.94,636,20.0,CWE-645,CWE-645,MEDIUM,False
CWE-654,1,5.9,637,0.0,CWE-654,CWE-654,MEDIUM,False
CWE-11,2,5.9,638,0.0,CWE-11,CWE-11,MEDIUM,False
CWE-600,1,5.9,639,0.0,CWE-600,CWE-600,MEDIUM,False
CWE-85,2,5.9,640,0.0,CWE-85,CWE-85,MEDIUM,False
CWE-841,34,5.9,641,38.24,CWE-841,CWE-841,MEDIUM,False
CWE-1233,4,5.9,642,25.0,CWE-1233,CWE-1233,MEDIUM,False
CWE-401,1524,5.9,643,18.96,Memory Leak,CWE-401 - Memory Leak,MEDIUM,False
CWE-117,85,5.89,644,18.82,CWE-117,CWE-117,MEDIUM,False
CWE-544,7,5.89,645,14.29,CWE-544,CWE-544,MEDIUM,False
CWE-1230,19,5.88,646,26.32,CWE-1230,CWE-1230,MEDIUM,False
CWE-775,5,5.88,647,60.0,CWE-775,CWE-775,MEDIUM,False
CWE-922,358,5.87,648,27.37,CWE-922,CWE-922,MEDIUM,False
CWE-80,451,5.86,649,11.09,CWE-80,CWE-80,MEDIUM,False
CWE-791,23,5.86,650,34.78,CWE-791,CWE-791,MEDIUM,False
CWE-1299,9,5.86,651,11.11,CWE-1299,CWE-1299,MEDIUM,False
CWE-17,165,5.85,652,34.55,CWE-17,CWE-17,MEDIUM,False
CWE-667,614,5.83,653,14.82,CWE-667,CWE-667,MEDIUM,False
CWE-316,33,5.82,654,24.24,CWE-316,CWE-316,MEDIUM,False
CWE-1250,5,5.82,655,20.0,CWE-1250,CWE-1250,MEDIUM,False
CWE-821,10,5.79,656,40.0,CWE-821,CWE-821,MEDIUM,False
CWE-1247,3,5.77,657,33.33,CWE-1247,CWE-1247,MEDIUM,False
CWE-435,3,5.77,658,33.33,CWE-435,CWE-435,MEDIUM,False
CWE-799,53,5.77,659,26.42,CWE-799,CWE-799,MEDIUM,False
CWE-497,253,5.76,660,22.13,CWE-497,CWE-497,MEDIUM,False
CWE-1223,2,5.75,661,50.0,CWE-1223,CWE-1223,MEDIUM,False
CWE-84,18,5.74,662,11.11,CWE-84,CWE-84,MEDIUM,False
CWE-74,3814,5.74,663,19.51,Injection (umbrella),CWE-74 - Injection (umbrella),MEDIUM,False
CWE-313,21,5.73,664,28.57,CWE-313,CWE-313,MEDIUM,False
CWE-1295,19,5.71,665,26.32,CWE-1295,CWE-1295,MEDIUM,False
CWE-208,89,5.7,666,17.98,CWE-208,CWE-208,MEDIUM,False
CWE-827,2,5.7,667,0.0,CWE-827,CWE-827,MEDIUM,False
CWE-1221,2,5.7,668,0.0,CWE-1221,CWE-1221,MEDIUM,False
CWE-204,115,5.68,669,10.43,CWE-204,CWE-204,MEDIUM,False
CWE-320,66,5.67,670,39.39,CWE-320,CWE-320,MEDIUM,False
CWE-1088,5,5.66,671,40.0,CWE-1088,CWE-1088,MEDIUM,False
CWE-1022,12,5.66,672,8.33,CWE-1022,CWE-1022,MEDIUM,False
CWE-837,14,5.66,673,14.29,CWE-837,CWE-837,MEDIUM,False
CWE-939,13,5.65,674,23.08,CWE-939,CWE-939,MEDIUM,False
CWE-164,2,5.65,675,0.0,CWE-164,CWE-164,MEDIUM,False
CWE-81,8,5.65,676,0.0,CWE-81,CWE-81,MEDIUM,False
CWE-914,5,5.64,677,60.0,CWE-914,CWE-914,MEDIUM,False
CWE-203,703,5.63,678,16.93,CWE-203,CWE-203,MEDIUM,False
CWE-200,9468,5.62,679,23.95,Information Exposure,CWE-200 - Information Exposure,MEDIUM,False
CWE-694,8,5.61,680,25.0,CWE-694,CWE-694,MEDIUM,False
CWE-87,38,5.61,681,5.26,CWE-87,CWE-87,MEDIUM,False
CWE-209,493,5.6,682,19.47,CWE-209,CWE-209,MEDIUM,False
CWE-329,8,5.59,683,12.5,CWE-329,CWE-329,MEDIUM,False
CWE-310,2500,5.58,684,14.32,Cryptographic Issues,CWE-310 - Cryptographic Issues,MEDIUM,False
CWE-573,4,5.58,685,25.0,CWE-573,CWE-573,MEDIUM,False
CWE-756,3,5.57,686,0.0,CWE-756,CWE-756,MEDIUM,False
CWE-524,30,5.55,687,23.33,CWE-524,CWE-524,MEDIUM,False
CWE-815,2,5.55,688,50.0,CWE-815,CWE-815,MEDIUM,False
CWE-213,28,5.54,689,28.57,CWE-213,CWE-213,MEDIUM,False
CWE-79,41171,5.53,690,6.59,XSS,CWE-79 - XSS,MEDIUM,False
CWE-451,138,5.53,691,13.77,CWE-451,CWE-451,MEDIUM,False
CWE-226,18,5.53,692,22.22,CWE-226,CWE-226,MEDIUM,False
CWE-1037,5,5.52,693,0.0,CWE-1037,CWE-1037,MEDIUM,False
CWE-1077,4,5.5,694,0.0,CWE-1077,CWE-1077,MEDIUM,False
CWE-455,1,5.5,695,0.0,CWE-455,CWE-455,MEDIUM,False
CWE-688,1,5.5,696,0.0,CWE-688,CWE-688,MEDIUM,False
CWE-1389,2,5.5,697,0.0,CWE-1389,CWE-1389,MEDIUM,False
CWE-454,1,5.5,698,0.0,CWE-454,CWE-454,MEDIUM,False
CWE-622,2,5.5,699,0.0,CWE-622,CWE-622,MEDIUM,False
CWE-173,3,5.43,700,0.0,CWE-173,CWE-173,MEDIUM,False
CWE-237,3,5.43,701,33.33,CWE-237,CWE-237,MEDIUM,False
CWE-778,18,5.42,702,27.78,CWE-778,CWE-778,MEDIUM,False
CWE-199,8,5.41,703,12.5,CWE-199,CWE-199,MEDIUM,False
CWE-28,2,5.4,704,0.0,CWE-28,CWE-28,MEDIUM,False
CWE-262,5,5.36,705,20.0,CWE-262,CWE-262,MEDIUM,False
CWE-531,2,5.35,706,0.0,CWE-531,CWE-531,MEDIUM,False
CWE-186,1,5.3,707,0.0,CWE-186,CWE-186,MEDIUM,False
CWE-541,1,5.3,708,0.0,CWE-541,CWE-541,MEDIUM,False
CWE-563,2,5.3,709,50.0,CWE-563,CWE-563,MEDIUM,False
CWE-1176,2,5.3,710,0.0,CWE-1176,CWE-1176,MEDIUM,False
CWE-549,14,5.27,711,7.14,CWE-549,CWE-549,MEDIUM,False
CWE-449,14,5.24,712,0.0,CWE-449,CWE-449,MEDIUM,False
CWE-927,18,5.18,713,22.22,CWE-927,CWE-927,MEDIUM,False
CWE-1303,3,5.17,714,0.0,CWE-1303,CWE-1303,MEDIUM,False
CWE-177,6,5.15,715,16.67,CWE-177,CWE-177,MEDIUM,False
CWE-223,7,5.13,716,14.29,CWE-223,CWE-223,MEDIUM,False
CWE-414,2,5.1,717,0.0,CWE-414,CWE-414,MEDIUM,False
CWE-1255,3,5.03,718,33.33,CWE-1255,CWE-1255,MEDIUM,False
CWE-564,3,5.03,719,33.33,CWE-564,CWE-564,MEDIUM,False
CWE-317,4,5.0,720,0.0,CWE-317,CWE-317,MEDIUM,False
CWE-529,1,5.0,721,0.0,CWE-529,CWE-529,MEDIUM,False
CWE-1328,5,4.96,722,20.0,CWE-1328,CWE-1328,MEDIUM,False
CWE-528,2,4.95,723,0.0,CWE-528,CWE-528,MEDIUM,False
CWE-1323,2,4.8,724,0.0,CWE-1323,CWE-1323,MEDIUM,False
CWE-448,2,4.8,725,50.0,CWE-448,CWE-448,MEDIUM,False
CWE-566,5,4.76,726,20.0,CWE-566,CWE-566,MEDIUM,False
CWE-67,3,4.67,727,0.0,CWE-67,CWE-67,MEDIUM,False
CWE-780,3,4.67,728,0.0,CWE-780,CWE-780,MEDIUM,False
CWE-1298,2,4.6,729,0.0,CWE-1298,CWE-1298,MEDIUM,False
CWE-1310,1,4.6,730,0.0,CWE-1310,CWE-1310,MEDIUM,False
CWE-1304,1,4.6,731,0.0,CWE-1304,CWE-1304,MEDIUM,False
CWE-525,22,4.58,732,13.64,CWE-525,CWE-525,MEDIUM,False
CWE-683,3,4.53,733,33.33,CWE-683,CWE-683,MEDIUM,False
CWE-147,5,4.34,734,0.0,CWE-147,CWE-147,MEDIUM,False
CWE-535,2,4.3,735,0.0,CWE-535,CWE-535,MEDIUM,False
CWE-1057,1,4.3,736,0.0,CWE-1057,CWE-1057,MEDIUM,False
CWE-207,1,4.3,737,0.0,CWE-207,CWE-207,MEDIUM,False
CWE-57,1,4.3,738,0.0,CWE-57,CWE-57,MEDIUM,False
CWE-508,1,4.3,739,0.0,CWE-508,CWE-508,MEDIUM,False
CWE-692,6,4.3,740,0.0,CWE-692,CWE-692,MEDIUM,False
CWE-530,9,4.14,741,33.33,CWE-530,CWE-530,MEDIUM,False
CWE-570,1,4.0,742,0.0,CWE-570,CWE-570,MEDIUM,False
CWE-1018,2,3.75,743,0.0,CWE-1018,CWE-1018,LOW,False
CWE-1283,3,3.57,744,0.0,CWE-1283,CWE-1283,LOW,False
CWE-926,75,3.48,745,6.67,CWE-926,CWE-926,LOW,False
CWE-571,1,2.6,746,0.0,CWE-571,CWE-571,LOW,False
CWE-673,1,2.2,747,0.0,CWE-673,CWE-673,LOW,False
CWE-462,1,2.1,748,0.0,CWE-462,CWE-462,LOW,False
CWE-638,1,2.1,749,0.0,CWE-638,CWE-638,LOW,False
