nome;estrelas;criado_em;atualizado_em;idade_anos;linguagem;pull_requests_aceitas;total_releases;total_issues;issues_fechadas;razao_issues_fechadas;dias_desde_atualizacao
codecrafters-io/build-your-own-x;470086;2018-05-09;2026-02-28;7.81;Markdown;155;0;886;653;0.7370;0
sindresorhus/awesome;441355;2014-07-11;2026-02-28;11.64;(não detectada);693;0;364;348;0.9560;0
freeCodeCamp/freeCodeCamp;437597;2014-12-24;2026-02-28;11.18;TypeScript;27697;0;21135;20942;0.9909;0
public-apis/public-apis;401221;2016-03-20;2026-02-28;9.94;Python;1872;0;833;830;0.9964;0
EbookFoundation/free-programming-books;383316;2013-10-11;2026-02-28;12.38;Python;7328;0;1262;1227;0.9723;0
kamranahmedse/developer-roadmap;349888;2017-03-15;2026-02-28;8.96;TypeScript;4050;1;3076;3049;0.9912;0
jwasham/coding-interview-university;337500;2016-06-05;2026-02-28;9.73;(não detectada);415;0;525;454;0.8648;0
donnemartin/system-design-primer;336929;2017-02-26;2026-02-28;9.01;Python;203;0;358;110;0.3073;0
vinta/awesome-python;284922;2014-06-27;2026-02-28;11.67;Python;637;0;0;0;0;0
awesome-selfhosted/awesome-selfhosted;275796;2015-05-31;2026-02-28;10.75;(não detectada);2395;1;807;807;1.0000;0
996icu/996.ICU;275567;2019-03-26;2026-02-28;6.93;(não detectada);1072;0;0;0;0;0
practical-tutorials/project-based-learning;259738;2017-04-12;2026-02-28;8.88;(não detectada);182;0;227;82;0.3612;0
facebook/react;243366;2013-05-24;2026-02-28;12.77;JavaScript;12762;118;14378;13564;0.9434;0
openclaw/openclaw;239905;2025-11-24;2026-02-28;0.26;TypeScript;2192;56;13439;9172;0.6825;0
torvalds/linux;219832;2011-09-04;2026-02-28;14.49;C;0;0;0;0;0;0
TheAlgorithms/Python;218221;2016-07-16;2026-02-28;9.62;Python;3046;0;1702;1540;0.9048;0
vuejs/vue;209929;2013-07-29;2026-02-28;12.59;TypeScript;1136;249;10027;9668;0.9642;0
trimstray/the-book-of-secret-knowledge;208128;2018-06-23;2026-02-28;7.69;(não detectada);122;0;0;0;0;0
ossu/computer-science;201902;2014-05-03;2026-02-28;11.82;HTML;304;0;665;653;0.9820;0
trekhleb/javascript-algorithms;195706;2018-03-24;2026-02-28;7.94;JavaScript;304;0;371;233;0.6280;0
tensorflow/tensorflow;193940;2015-11-06;2026-02-28;10.31;C++;42113;220;41172;40297;0.9787;0
ohmyzsh/ohmyzsh;185018;2009-08-28;2026-02-28;16.50;Shell;3509;0;5030;4889;0.9720;0
getify/You-Dont-Know-JS;184443;2013-11-16;2026-02-28;12.29;(não detectada);370;0;949;949;1.0000;0
CyC2018/CS-Notes;183738;2018-02-13;2026-02-28;8.04;(não detectada);374;0;577;449;0.7782;0
microsoft/vscode;182157;2015-09-03;2026-02-28;10.49;TypeScript;43016;196;231402;218197;0.9429;0
Significant-Gravitas/AutoGPT;182099;2023-03-16;2026-02-28;2.96;Python;3938;93;3730;3498;0.9378;0
jackfrued/Python-100-Days;179098;2018-03-01;2026-02-28;8.00;Jupyter Notebook;13;0;710;188;0.2648;0
n8n-io/n8n;176866;2019-06-22;2026-02-28;6.69;TypeScript;13965;543;8150;7649;0.9385;0
flutter/flutter;175374;2015-03-06;2026-02-28;10.98;Dart;46848;7;112355;100171;0.8916;0
twbs/bootstrap;174002;2011-07-29;2026-02-28;14.59;MDX;9109;94;22849;22453;0.9827;0
github/gitignore;172726;2010-11-08;2026-02-28;15.31;(não detectada);1727;0;0;0;0;0
massgravel/Microsoft-Activation-Scripts;167248;2020-01-12;2026-02-28;6.13;Batchfile;5;29;905;903;0.9978;0
avelino/awesome-go;166229;2014-07-06;2026-02-28;11.65;Go;3578;0;723;713;0.9862;0
ollama/ollama;163690;2023-06-26;2026-02-28;2.68;Go;3052;186;9418;7450;0.7910;0
AUTOMATIC1111/stable-diffusion-webui;161387;2022-08-22;2026-02-28;3.52;Python;1883;27;7884;5484;0.6956;0
jlevy/the-art-of-command-line;159975;2015-05-20;2026-02-28;10.78;(não detectada);317;0;258;136;0.5271;0
huggingface/transformers;157127;2018-10-29;2026-02-28;7.34;Python;18682;243;18633;17551;0.9419;0
Snailclimb/JavaGuide;153919;2018-05-07;2026-02-28;7.81;Java;1210;0;1130;1056;0.9345;0
DigitalPlatDev/FreeDomain;149864;2024-05-30;2026-02-28;1.75;HTML;1;0;0;0;0;0
f/prompts.chat;149129;2022-12-05;2026-02-28;3.23;HTML;200;0;130;126;0.9692;0
yt-dlp/yt-dlp;148996;2020-10-26;2026-02-28;5.34;Python;3226;130;11095;9286;0.8370;0
airbnb/javascript;148091;2012-11-01;2026-02-28;13.32;JavaScript;813;0;1399;1299;0.9285;0
langflow-ai/langflow;145147;2023-02-08;2026-02-28;3.06;Python;5717;281;3156;2813;0.8913;0
521xueweihan/HelloGitHub;144167;2016-05-04;2026-02-28;9.82;Python;17;63;2958;2681;0.9064;0
ytdl-org/youtube-dl;139747;2010-10-31;2026-02-28;15.33;Python;1646;341;26818;23189;0.8647;0
vercel/next.js;138040;2016-10-05;2026-02-28;9.40;JavaScript;26051;1000;24297;22248;0.9157;0
yangshun/tech-interview-handbook;137907;2016-07-05;2026-02-28;9.65;TypeScript;486;0;120;76;0.6333;0
Genymobile/scrcpy;136281;2017-11-21;2026-02-28;8.27;C;123;50;5949;3284;0.5520;0
labuladong/fucking-algorithm;132847;2020-02-19;2026-02-28;6.03;Markdown;244;0;961;961;1.0000;0
golang/go;132806;2014-08-19;2026-02-28;11.53;Go;1;0;70313;60895;0.8661;0
langgenius/dify;130705;2023-04-12;2026-02-28;2.88;TypeScript;9601;158;16613;16192;0.9747;0
microsoft/PowerToys;130147;2019-05-01;2026-02-28;6.83;C#;6321;127;38178;30093;0.7882;0
langchain-ai/langchain;127753;2022-10-16;2026-02-28;3.37;Python;16012;1000;9098;8865;0.9744;0
Chalarangelo/30-seconds-of-code;126905;2017-11-29;2026-02-28;8.25;JavaScript;836;12;300;300;1.0000;0
x1xhlol/system-prompts-and-models-of-ai-tools;126306;2025-03-05;2026-02-28;0.99;(não detectada);45;0;188;102;0.5426;0
facebook/react-native;125462;2015-01-09;2026-02-28;11.14;C++;953;442;27572;26825;0.9729;0
open-webui/open-webui;125243;2023-10-06;2026-02-28;2.40;Python;3262;149;7742;7566;0.9773;0
krahets/hello-algo;122536;2022-11-04;2026-02-28;3.32;Java;968;10;282;274;0.9716;0
kubernetes/kubernetes;120827;2014-06-06;2026-02-28;11.73;Go;63922;784;48591;46760;0.9623;0
electron/electron;120241;2013-04-11;2026-02-28;12.88;C++;24452;1000;21468;20723;0.9653;0
ripienaar/free-for-dev;118182;2015-03-18;2026-02-28;10.95;HTML;2888;0;0;0;0;0
excalidraw/excalidraw;117701;2020-01-01;2026-02-28;6.16;TypeScript;3834;14;4634;2538;0.5477;0
justjavac/free-programming-books-zh_CN;116366;2013-11-03;2026-02-28;12.32;(não detectada);282;3;0;0;0;0
nodejs/node;115991;2014-11-26;2026-02-28;11.26;JavaScript;11851;483;20073;18316;0.9125;0
anomalyco/opencode;112993;2025-04-30;2026-02-28;0.83;TypeScript;2531;725;9351;4938;0.5281;0
d3/d3;112436;2010-09-27;2026-02-28;15.42;Shell;494;194;2239;2229;0.9955;0
iptv-org/iptv;112188;2018-11-14;2026-02-28;7.29;TypeScript;6814;0;21578;21238;0.9842;0
mrdoob/three.js;111111;2010-03-23;2026-02-28;15.94;JavaScript;15215;175;13500;13056;0.9671;0
rust-lang/rust;110780;2010-06-16;2026-02-28;15.70;Rust;69436;146;61536;50427;0.8195;0
axios/axios;108584;2014-08-18;2026-02-28;11.53;JavaScript;1132;109;4955;4754;0.9594;0
rustdesk/rustdesk;108321;2020-09-28;2026-02-28;5.42;Rust;3937;35;3997;3932;0.9837;0
microsoft/TypeScript;107971;2014-06-17;2026-02-28;11.70;TypeScript;14852;214;42956;37982;0.8842;0
Hack-with-Github/Awesome-Hacking;107485;2016-03-30;2026-02-28;9.92;(não detectada);34;0;0;0;0;0
shadcn-ui/ui;107470;2023-01-04;2026-02-28;3.15;TypeScript;1000;75;3921;2931;0.7475;0
microsoft/generative-ai-for-beginners;107238;2023-06-19;2026-02-28;2.70;Jupyter Notebook;521;0;206;201;0.9757;0
godotengine/godot;107182;2014-01-04;2026-02-28;12.15;C++;41353;66;61198;48228;0.7881;0
GrowingGit/GitHub-Chinese-Top-Charts;106418;2019-09-05;2026-02-28;6.49;Java;0;0;343;162;0.4723;0
denoland/deno;106286;2018-05-14;2026-02-28;7.79;Rust;14209;365;13943;11511;0.8256;0
goldbergyoni/nodebestpractices;105136;2017-09-15;2026-02-28;8.46;Dockerfile;766;0;332;286;0.8614;0
fatedier/frp;104757;2015-12-21;2026-02-28;10.19;Go;727;109;4054;4017;0.9909;0
Comfy-Org/ComfyUI;104491;2023-01-17;2026-02-28;3.12;Python;2170;121;7927;4481;0.5653;0
facebook/create-react-app;103833;2016-07-17;2026-02-28;9.62;JavaScript;1949;83;8420;6573;0.7806;0
papers-we-love/papers-we-love;103691;2013-12-15;2026-02-28;12.21;Shell;439;0;247;245;0.9919;0
tauri-apps/tauri;103423;2019-07-13;2026-02-28;6.63;Rust;5390;0;6160;4906;0.7964;0
microsoft/terminal;101946;2017-08-11;2026-02-28;8.55;C++;4373;146;13807;12164;0.8810;0
deepseek-ai/DeepSeek-V3;101798;2024-12-26;2026-02-28;1.18;Python;25;1;716;672;0.9385;0
angular/angular;100034;2014-09-18;2026-02-28;11.45;TypeScript;5608;606;30360;29362;0.9671;0
clash-verge-rev/clash-verge-rev;99438;2023-11-21;2026-02-28;2.27;TypeScript;743;62;4978;4820;0.9683;0
jaywcjlove/awesome-mac;99360;2016-07-17;2026-02-28;9.62;JavaScript;1075;13;509;378;0.7426;0
Anduin2017/HowToCook;98353;2020-02-29;2026-02-28;6.00;Dockerfile;613;4;826;364;0.4407;0
supabase/supabase;98302;2019-10-12;2026-02-28;6.38;TypeScript;15478;25;5220;4950;0.9483;0
Shubhamsaboo/awesome-llm-apps;98119;2024-04-29;2026-02-28;1.84;Python;169;0;119;119;1.0000;0
mtdvio/every-programmer-should-know;98108;2017-08-24;2026-02-28;8.52;(não detectada);110;0;44;31;0.7045;0
mui/material-ui;97981;2014-08-18;2026-02-28;11.53;JavaScript;21459;555;20343;18748;0.9216;0
pytorch/pytorch;97827;2016-08-13;2026-02-28;9.55;Python;6428;64;56996;40922;0.7180;0
ant-design/ant-design;97636;2015-04-24;2026-02-28;10.85;TypeScript;17019;740;32386;31101;0.9603;0
2dust/v2rayN;97596;2019-07-30;2026-02-28;6.59;C#;385;298;6583;6578;0.9992;0
neovim/neovim;96835;2014-01-31;2026-02-28;12.08;Vim Script;17704;48;13736;12093;0.8804;0
ggml-org/llama.cpp;96172;2023-03-10;2026-02-28;2.97;C++;7449;1000;7066;6642;0.9400;0
google-gemini/gemini-cli;96008;2025-04-17;2026-02-28;0.87;TypeScript;5150;386;10471;8456;0.8076;0
fastapi/fastapi;95697;2018-12-08;2026-02-28;7.23;Python;3149;267;3507;3496;0.9969;0
nvbn/thefuck;95566;2015-04-08;2026-02-28;10.89;Python;481;17;773;477;0.6171;0
microsoft/Web-Dev-For-Beginners;95351;2020-11-09;2026-02-28;5.30;JavaScript;654;0;416;361;0.8678;0
openai/whisper;95222;2022-09-16;2026-02-28;3.45;Python;119;13;0;0;0;0
ryanmcdermott/clean-code-javascript;94308;2016-11-25;2026-02-28;9.26;JavaScript;149;0;244;164;0.6721;0
tailwindlabs/tailwindcss;93834;2017-10-06;2026-02-28;8.40;TypeScript;3302;300;4767;4718;0.9897;0
iluwatar/java-design-patterns;93785;2014-08-09;2026-02-28;11.56;Java;1520;0;977;839;0.8588;0
immich-app/immich;93706;2022-02-03;2026-02-28;4.07;TypeScript;8662;287;7978;7453;0.9342;0
puppeteer/puppeteer;93680;2017-05-09;2026-02-28;8.81;TypeScript;5820;644;7320;7061;0.9646;0
nvm-sh/nvm;91918;2010-04-15;2026-02-28;15.87;Shell;741;71;2392;2062;0.8620;0
deepseek-ai/DeepSeek-R1;91887;2025-01-20;2026-02-28;1.11;(não detectada);10;1;690;663;0.9609;0
florinpop17/app-ideas;90805;2019-02-25;2026-02-28;7.01;(não detectada);151;0;195;51;0.2615;0
PanJiaChen/vue-element-admin;90284;2017-04-17;2026-02-28;8.87;Vue;311;49;3613;2356;0.6521;0
storybookjs/storybook;89333;2016-03-18;2026-02-28;9.95;TypeScript;12253;1000;14149;12030;0.8502;0
bitcoin/bitcoin;88294;2010-12-19;2026-02-28;15.20;C++;16152;63;8999;8633;0.9593;0
gin-gonic/gin;88163;2014-06-16;2026-02-28;11.70;Go;1223;29;2381;1786;0.7501;0
microsoft/markitdown;87973;2024-11-13;2026-02-28;1.29;Python;170;18;383;83;0.2167;0
oven-sh/bun;87727;2021-04-13;2026-02-28;4.88;Zig;7121;210;15704;10852;0.6910;0
ChatGPTNextWeb/NextChat;87400;2023-03-10;2026-02-28;2.97;TypeScript;894;77;3581;2899;0.8096;0
django/django;86951;2012-04-27;2026-02-28;13.84;Python;10310;0;0;0;0;0
gohugoio/hugo;86832;2013-07-04;2026-02-28;12.65;Go;3234;365;8031;7788;0.9697;0
firecrawl/firecrawl;86671;2024-04-15;2026-02-28;1.87;TypeScript;1340;32;820;778;0.9488;0
opencv/opencv;86344;2012-07-19;2026-02-28;13.61;C++;13493;67;11425;8857;0.7752;0
mermaid-js/mermaid;86344;2014-11-01;2026-02-28;11.33;TypeScript;2570;179;3575;2198;0.6148;0
rasbt/LLMs-from-scratch;86271;2023-07-23;2026-02-28;2.60;Jupyter Notebook;480;0;215;215;1.0000;0
sveltejs/svelte;85933;2016-11-20;2026-02-28;9.27;JavaScript;6503;605;8917;8004;0.8976;0
home-assistant/core;85058;2013-09-17;2026-02-28;12.45;Python;82377;1000;68123;65245;0.9578;0
3b1b/manim;84898;2015-03-22;2026-02-28;10.94;Python;661;13;1223;765;0.6255;0
ruanyf/weekly;84870;2018-10-13;2026-02-28;7.38;(não detectada);105;0;8426;1274;0.1512;0
microsoft/ML-For-Beginners;84046;2021-03-02;2026-02-28;4.99;Jupyter Notebook;446;0;158;158;1.0000;0
laravel/laravel;83825;2011-06-08;2026-02-28;14.73;Blade;1670;211;0;0;0;0
louislam/uptime-kuma;83380;2021-07-02;2026-02-28;4.66;JavaScript;1669;124;4629;3973;0.8583;0
microsoft/playwright;83205;2019-11-15;2026-02-28;6.29;TypeScript;16236;158;17073;16493;0.9660;0
MunGell/awesome-for-beginners;83017;2015-10-24;2026-02-28;10.35;(não detectada);469;0;203;188;0.9261;0
macrozheng/mall;82983;2018-04-03;2026-02-28;7.91;Java;1;3;500;489;0.9780;0
realworld-apps/realworld;82892;2016-02-26;2026-02-28;10.01;TypeScript;434;0;545;511;0.9376;0
animate-css/animate.css;82616;2011-10-12;2026-02-28;14.38;CSS;315;22;883;843;0.9547;0
punkpeye/awesome-mcp-servers;81813;2024-11-30;2026-02-28;1.25;(não detectada);1369;0;188;148;0.7872;0
bregman-arie/devops-exercises;81325;2019-10-03;2026-02-28;6.41;Python;309;0;103;69;0.6699;0
tonsky/FiraCode;81217;2014-11-11;2026-02-28;11.30;Clojure;141;29;1380;959;0.6949;0
DopplerHQ/awesome-interview-questions;81151;2015-11-28;2026-02-28;10.25;(não detectada);175;0;61;34;0.5574;0
syncthing/syncthing;80393;2013-11-26;2026-02-28;12.26;Go;2836;460;5852;5482;0.9368;0
spring-projects/spring-boot;80125;2012-10-19;2026-02-28;13.36;Java;42;339;41328;40852;0.9885;0
astral-sh/uv;80006;2023-10-02;2026-02-28;2.41;Rust;8448;258;8586;6234;0.7261;0
ByteByteGoHq/system-design-101;79885;2023-09-18;2026-02-28;2.45;(não detectada);23;0;57;18;0.3158;0
hacksider/Deep-Live-Cam;79719;2023-09-24;2026-02-28;2.43;Python;98;10;1111;1029;0.9262;0
modelcontextprotocol/servers;79706;2024-11-18;2026-02-28;1.28;TypeScript;1177;24;823;560;0.6804;0
anthropics/skills;79359;2025-09-22;2026-02-28;0.44;Python;20;0;139;21;0.1511;0
browser-use/browser-use;79218;2024-10-31;2026-02-28;1.33;Python;1651;117;1394;1245;0.8931;0
fighting41love/funNLP;79130;2018-08-21;2026-02-28;7.52;Python;14;0;84;47;0.5595;0
doocs/advanced-java;78861;2018-10-06;2026-02-28;7.40;Java;89;1;148;147;0.9932;0
anuraghazra/github-readme-stats;78560;2020-07-09;2026-02-28;5.64;JavaScript;1568;0;1386;1230;0.8874;0
vitejs/vite;78483;2020-04-21;2026-02-28;5.86;TypeScript;6036;658;8343;7885;0.9451;0
junegunn/fzf;78220;2013-10-23;2026-02-28;12.35;Go;636;75;3101;2845;0.9174;0
hoppscotch/hoppscotch;77956;2019-08-21;2026-02-28;6.53;TypeScript;2033;98;2323;1767;0.7607;0
netdata/netdata;77912;2013-06-17;2026-02-28;12.70;C;11705;132;8200;8028;0.9790;0
tensorflow/models;77690;2016-02-04;2026-02-28;10.07;Python;2342;51;7324;6240;0.8520;0
nomic-ai/gpt4all;77158;2023-03-27;2026-02-28;2.93;C++;938;38;2212;1493;0.6750;0
MisterBooo/LeetCodeAnimation;76722;2018-12-06;2026-02-28;7.23;Java;63;0;61;43;0.7049;1
coder/code-server;76416;2019-02-27;2026-02-28;7.00;TypeScript;1625;222;3790;3619;0.9549;0
FortAwesome/Font-Awesome;76381;2012-02-17;2026-02-28;14.03;JavaScript;220;63;19900;19609;0.9854;1
elastic/elasticsearch;76205;2010-02-08;2026-02-28;16.06;Java;87130;235;43029;38530;0.8954;0
zed-industries/zed;76126;2021-02-20;2026-02-28;5.02;Rust;21921;1000;18515;15889;0.8582;0
d2l-ai/d2l-zh;75867;2017-08-23;2026-02-28;8.52;Python;1019;16;0;0;0;0
mlabonne/llm-course;75849;2023-06-17;2026-02-28;2.70;(não detectada);2;0;95;32;0.3368;0
sdmg15/Best-websites-a-programmer-should-visit;75761;2017-03-05;2026-02-28;8.99;(não detectada);431;0;185;105;0.5676;0
localsend/localsend;75726;2022-12-15;2026-02-28;3.21;Dart;699;24;1594;738;0.4630;0
typicode/json-server;75629;2013-11-27;2026-02-28;12.26;JavaScript;161;46;1178;566;0.4805;0
swisskyrepo/PayloadsAllTheThings;75600;2016-10-18;2026-02-28;9.36;Python;563;5;0;0;0;0
Developer-Y/cs-video-courses;75296;2016-10-21;2026-02-28;9.36;(não detectada);257;0;0;0;0;0
nestjs/nest;74803;2017-02-04;2026-02-28;9.06;TypeScript;8042;141;5782;5764;0.9969;0
ventoy/Ventoy;74740;2020-03-10;2026-02-28;5.97;C;294;108;2688;1878;0.6987;0
Stirling-Tools/Stirling-PDF;74651;2023-01-27;2026-02-28;3.09;TypeScript;3145;166;1644;1309;0.7962;0
unionlabs/union;74283;2023-05-16;2026-02-28;2.79;Rust;3102;107;1837;1709;0.9303;0
infiniflow/ragflow;73910;2023-12-12;2026-02-28;2.22;Python;5383;40;6568;3613;0.5501;0
vuejs/awesome-vue;73627;2015-10-19;2026-02-28;10.36;(não detectada);3611;0;230;191;0.8304;0
sherlock-project/sherlock;73231;2018-12-24;2026-02-28;7.18;Python;733;2;1149;1067;0.9286;0
jesseduffield/lazygit;73210;2018-05-18;2026-02-28;7.78;Go;1807;176;2516;1737;0.6904;0
redis/redis;73208;2009-03-21;2026-02-28;16.94;C;4422;117;6910;4704;0.6808;0
awesomedata/awesome-public-datasets;73112;2014-11-20;2026-02-28;11.28;(não detectada);188;1;122;48;0.3934;0
twitter/the-algorithm;72815;2023-03-27;2026-02-28;2.93;Scala;2;0;1066;749;0.7026;0
github/spec-kit;72799;2025-08-21;2026-02-28;0.52;Python;159;110;861;326;0.3786;0
lobehub/lobehub;72791;2023-05-21;2026-02-28;2.78;TypeScript;4264;1000;5369;4711;0.8774;0
tesseract-ocr/tesseract;72601;2014-08-12;2026-02-28;11.55;C++;1432;35;2748;2318;0.8435;0
CompVis/stable-diffusion;72590;2022-08-10;2026-02-28;3.55;Jupyter Notebook;5;0;735;199;0.2707;0
grafana/grafana;72419;2013-12-11;2026-02-28;12.22;TypeScript;62392;592;43100;39828;0.9241;0
thedaviddias/Front-End-Checklist;72244;2017-10-16;2026-02-28;8.37;(não detectada);179;1;151;151;1.0000;0
enaqx/awesome-react;72172;2014-08-06;2026-02-28;11.57;(não detectada);794;0;116;115;0.9914;0
josephmisiti/awesome-machine-learning;71768;2014-07-15;2026-02-28;11.63;Python;902;0;97;97;1.0000;0
abi/screenshot-to-code;71757;2023-11-14;2026-02-28;2.29;TypeScript;68;0;395;282;0.7139;0
python/cpython;71756;2017-02-10;2026-02-28;9.05;Python;57101;0;75399;68227;0.9049;0
openai/openai-cookbook;71753;2022-03-10;2026-02-28;3.97;Jupyter Notebook;1002;0;723;652;0.9018;0
anthropics/claude-code;71708;2025-02-22;2026-02-28;1.02;Shell;144;51;28396;22679;0.7987;0
ocornut/imgui;71613;2014-07-21;2026-02-28;11.61;C++;418;118;6777;5744;0.8476;0
vllm-project/vllm;71508;2023-02-09;2026-02-28;3.05;Python;14272;84;13717;12042;0.8779;0
PKUFlyingPig/cs-self-learning;71493;2021-10-20;2026-02-28;4.36;HTML;315;5;231;106;0.4589;0
moby/moby;71452;2013-01-18;2026-02-28;13.11;Go;22339;273;23377;20108;0.8602;0
strapi/strapi;71434;2015-09-30;2026-02-28;10.42;TypeScript;9551;513;11792;11222;0.9517;0
PaddlePaddle/PaddleOCR;71350;2020-05-08;2026-02-28;5.81;Python;3111;29;10487;10257;0.9781;0
pallets/flask;71284;2010-04-06;2026-02-28;15.90;Python;1627;38;2722;2722;1.0000;0
dair-ai/Prompt-Engineering-Guide;70943;2022-12-16;2026-02-28;3.20;MDX;342;0;238;74;0.3109;0
protocolbuffers/protobuf;70763;2014-08-26;2026-02-28;11.51;C++;8700;208;6792;6666;0.9814;0
apache/superset;70723;2015-07-21;2026-02-28;10.61;TypeScript;16382;243;12178;11531;0.9469;0
hakimel/reveal.js;70643;2011-06-07;2026-02-28;14.73;JavaScript;413;49;2489;1696;0.6814;0
obsproject/obs-studio;70620;2013-09-30;2026-02-28;12.41;C;5418;234;4910;4157;0.8466;0
caddyserver/caddy;70460;2015-01-13;2026-02-28;11.13;Go;2247;133;4483;4279;0.9545;0
binary-husky/gpt_academic;70135;2023-03-20;2026-02-28;2.95;Python;228;32;1756;1480;0.8428;0
fffaraz/awesome-cpp;69949;2014-07-17;2026-02-28;11.62;(não detectada);827;0;590;245;0.4153;0
swiftlang/swift;69823;2015-10-23;2026-02-28;10.35;C++;58017;66;17459;10050;0.5756;0
Eugeny/tabby;69166;2016-12-23;2026-02-28;9.18;TypeScript;1512;204;6018;3508;0.5829;0
danielmiessler/SecLists;69143;2012-02-18;2026-02-28;14.03;PHP;695;29;316;307;0.9715;0
nektos/act;69060;2019-01-02;2026-02-28;7.16;Go;1056;92;1317;1076;0.8170;0
binhnguyennus/awesome-scalability;68867;2017-12-27;2026-02-28;8.17;(não detectada);37;0;0;0;0;0
expressjs/express;68833;2009-06-26;2026-02-28;16.68;JavaScript;519;164;4029;3929;0.9752;0
base/node;68723;2023-02-01;2026-02-28;3.08;Go;247;70;328;321;0.9787;1
OpenHands/OpenHands;68313;2024-03-13;2026-02-28;1.96;Python;6359;99;3822;3646;0.9540;0
AppFlowy-IO/AppFlowy;68296;2021-06-16;2026-02-28;4.70;Dart;3894;127;3894;2991;0.7681;0
ansible/ansible;68139;2012-03-06;2026-02-28;13.98;Python;39668;207;33288;32750;0.9838;0
hiyouga/LlamaFactory;67688;2023-05-28;2026-02-28;2.76;Python;894;35;7855;6961;0.8862;0
chartjs/Chart.js;67201;2013-03-17;2026-02-28;12.95;JavaScript;3016;117;7301;6817;0.9337;0
prakhar1989/awesome-courses;66711;2014-11-15;2026-02-28;11.29;(não detectada);194;0;82;39;0.4756;0
juliangarnier/anime;66671;2016-03-13;2026-02-28;9.96;JavaScript;87;34;835;750;0.8982;0
leonardomso/33-js-concepts;66264;2018-09-04;2026-02-28;7.49;JavaScript;262;0;119;119;1.0000;0
webpack/webpack;66009;2012-03-10;2026-02-28;13.97;JavaScript;5547;447;10147;10034;0.9889;0
labmlai/annotated_deep_learning_paper_implementations;65831;2020-08-24;2026-02-28;5.51;Python;104;0;142;114;0.8028;0
apache/echarts;65819;2013-04-03;2026-02-28;12.91;TypeScript;1492;122;19298;17651;0.9147;0
obra/superpowers;65727;2025-10-09;2026-02-28;0.39;Shell;39;2;310;208;0.6710;0
xtekky/gpt4free;65697;2023-03-29;2026-02-28;2.92;Python;870;429;1987;1983;0.9980;0
TapXWorld/ChinaTextbook;65422;2020-01-05;2026-02-28;6.15;Roff;1;0;159;76;0.4780;0
lydiahallie/javascript-questions;65297;2019-06-12;2026-02-28;6.72;(não detectada);328;0;252;233;0.9246;0
scikit-learn/scikit-learn;65248;2010-08-17;2026-02-28;15.54;Python;14149;49;11974;10382;0.8670;0
TheAlgorithms/Java;65126;2016-07-16;2026-02-28;9.62;Java;2263;0;1202;1176;0.9784;0
sindresorhus/awesome-nodejs;65110;2014-07-11;2026-02-28;11.64;(não detectada);421;0;105;102;0.9714;0
NationalSecurityAgency/ghidra;65106;2019-03-01;2026-02-28;7.00;Java;553;51;5859;4319;0.7372;0
kdn251/interviews;64961;2017-02-14;2026-02-28;9.04;Java;42;0;58;24;0.4138;0
bradtraversy/design-resources-for-developers;64900;2020-05-06;2026-02-28;5.82;(não detectada);967;0;111;109;0.9820;0
kelseyhightower/nocode;64841;2018-02-06;2026-02-28;8.06;Dockerfile;1;1;4917;727;0.1479;0
chrislgarry/Apollo-11;64609;2014-04-03;2026-02-28;11.91;Assembly;355;0;387;330;0.8527;0
FoundationAgents/MetaGPT;64590;2023-06-30;2026-02-28;2.67;Python;673;22;902;887;0.9834;0
localstack/localstack;64499;2016-10-25;2026-02-28;9.34;Python;6793;106;6166;5867;0.9515;0
facebook/docusaurus;63943;2017-06-20;2026-02-28;8.69;TypeScript;5619;154;3399;3107;0.9141;0
keras-team/keras;63878;2015-03-27;2026-02-28;10.93;Python;4622;86;12649;12451;0.9843;0
toeverything/AFFiNE;63332;2022-07-31;2026-02-28;3.58;TypeScript;9004;539;3596;3098;0.8615;0
prometheus/prometheus;62969;2012-11-24;2026-02-28;13.26;Go;8214;359;6383;5866;0.9190;0
socketio/socket.io;62906;2010-03-11;2026-02-28;15.97;TypeScript;439;82;3650;3462;0.9485;0
resume/resume.github.com;62806;2011-02-06;2026-02-28;15.06;JavaScript;84;0;126;66;0.5238;0
alacritty/alacritty;62726;2016-02-18;2026-02-28;10.03;Rust;1915;105;6247;5924;0.9483;0
openinterpreter/open-interpreter;62461;2023-07-14;2026-02-28;2.63;Python;384;48;1049;803;0.7655;0
openai/codex;62397;2025-04-13;2026-02-28;0.88;Rust;4156;553;5970;4690;0.7856;0
OpenBB-finance/OpenBB;62309;2020-12-20;2026-02-28;5.19;Python;4207;54;2280;2243;0.9838;0
nocodb/nocodb;62268;2017-10-29;2026-02-28;8.33;TypeScript;5803;183;4480;4062;0.9067;0
rust-lang/rustlings;61994;2015-09-14;2026-02-28;10.46;Rust;922;46;758;708;0.9340;0
traefik/traefik;61975;2015-09-13;2026-02-28;10.46;Go;5058;506;6596;5929;0.8989;0
FuelLabs/sway;61926;2021-01-19;2026-02-27;5.11;Rust;3638;185;3264;2417;0.7405;1
gorhill/uBlock;61816;2015-04-01;2026-02-28;10.91;JavaScript;256;283;3447;3434;0.9962;0
ryanoasis/nerd-fonts;61810;2014-12-05;2026-02-28;11.24;CSS;565;38;1126;1079;0.9583;0
lodash/lodash;61569;2012-04-07;2026-02-28;13.90;JavaScript;614;2;4337;4274;0.9855;0
tldr-pages/tldr;61487;2013-12-08;2026-02-28;12.23;Markdown;17688;6;1681;1479;0.8798;0
reduxjs/redux;61438;2015-05-29;2026-02-28;10.75;TypeScript;1746;78;2067;2030;0.9821;0
daytonaio/daytona;61398;2024-02-06;2026-02-28;2.06;TypeScript;1835;161;1065;833;0.7822;0
unclecode/crawl4ai;61145;2024-05-09;2026-02-28;1.81;Python;163;13;931;750;0.8056;0
atom/atom;60989;2012-01-20;2026-02-28;14.11;JavaScript;3937;538;17111;16148;0.9437;1
xingshaocheng/architect-awesome;60837;2018-04-06;2026-02-28;7.90;(não detectada);49;0;71;23;0.3239;0
h5bp/Front-end-Developer-Interview-Questions;60786;2012-02-09;2026-02-28;14.05;Nunjucks;484;0;177;143;0.8079;0
LadybirdBrowser/ladybird;60661;2024-05-30;2026-02-28;1.75;C++;5846;0;1466;919;0.6269;0
youngyangyang04/leetcode-master;60482;2019-12-14;2026-02-28;6.21;Shell;2311;0;277;68;0.2455;0
minio/minio;60396;2015-01-14;2026-02-28;11.12;Go;9882;521;7885;7840;0.9943;0
BurntSushi/ripgrep;60378;2016-03-10;2026-02-28;9.97;Rust;544;74;1767;1673;0.9468;0
commaai/openpilot;60183;2016-11-23;2026-02-28;9.26;Python;12602;61;3214;3036;0.9446;0
adam-p/markdown-here;60151;2012-05-13;2026-02-28;13.80;JavaScript;27;17;634;333;0.5252;0
scrapy/scrapy;60027;2010-02-21;2026-02-28;16.02;Python;2474;46;3240;2780;0.8580;0
jquery/jquery;59849;2009-04-03;2026-02-28;16.91;JavaScript;865;13;2381;2304;0.9677;0
nuxt/nuxt;59729;2016-10-26;2026-02-28;9.34;TypeScript;7448;274;17152;16346;0.9530;0
spring-projects/spring-framework;59676;2010-12-08;2026-02-28;15.23;Java;903;357;27871;27561;0.9889;0
jgraph/drawio-desktop;59595;2017-05-25;2026-02-28;8.76;JavaScript;22;169;1736;1676;0.9654;0
pathwaycom/pathway;59575;2022-11-27;2026-02-28;3.26;Python;19;84;140;113;0.8071;0
CorentinJ/Real-Time-Voice-Cloning;59390;2019-05-26;2026-02-28;6.76;Python;50;0;1111;951;0.8560;0
git/git;59379;2008-07-23;2026-02-28;17.60;C;3;0;0;0;0;0
shadowsocks/shadowsocks-windows;59255;2013-01-14;2026-02-28;13.12;C#;290;55;2915;2727;0.9355;0
meta-llama/llama;59178;2023-02-14;2026-02-28;3.04;Python;54;0;1110;651;0.5865;0
Solido/awesome-flutter;59122;2017-05-07;2026-02-28;8.81;Dart;448;0;0;0;0;0
topjohnwu/Magisk;58964;2016-09-08;2026-02-28;9.47;Rust;1688;156;6488;6449;0.9940;0
angular/angular.js;58930;2010-01-05;2026-02-27;16.15;JavaScript;790;0;9033;8644;0.9569;1
Asabeneh/30-Days-Of-Python;58807;2019-11-19;2026-02-28;6.28;Python;136;0;148;84;0.5676;0
cline/cline;58485;2024-07-06;2026-02-28;1.65;TypeScript;3226;237;3391;2886;0.8511;0
PlexPt/awesome-chatgpt-prompts-zh;58469;2022-12-11;2026-02-28;3.22;(não detectada);33;0;97;59;0.6082;0
rails/rails;58318;2008-04-10;2026-02-28;17.89;Ruby;25875;160;18475;17966;0.9724;0
FiloSottile/mkcert;58207;2018-06-25;2026-02-28;7.68;Go;52;14;350;241;0.6886;0
FFmpeg/FFmpeg;57498;2011-04-14;2026-02-28;14.88;C;0;0;0;0;0;0
sharkdp/bat;57424;2018-04-21;2026-02-28;7.86;Rust;1569;43;1579;1263;0.7999;0
h5bp/html5-boilerplate;57395;2010-01-24;2026-02-28;16.10;JavaScript;804;34;1358;1353;0.9963;0
FuelLabs/fuel-core;57353;2020-08-27;2026-02-28;5.51;Rust;1614;124;1153;996;0.8638;1
usememos/memos;57345;2021-12-08;2026-02-28;4.23;Go;1903;86;2818;2798;0.9929;0
pmndrs/zustand;57189;2019-04-09;2026-02-28;6.89;TypeScript;887;101;693;691;0.9971;0
scutan90/DeepLearning-500-questions;57166;2018-06-27;2026-02-28;7.68;JavaScript;302;0;192;81;0.4219;0
withastro/astro;57152;2021-03-15;2026-02-28;4.96;TypeScript;8195;1000;5964;5776;0.9685;0
zylon-ai/private-gpt;57142;2023-05-02;2026-02-28;2.83;Python;226;10;1227;965;0.7865;0
ultralytics/yolov5;56885;2020-05-18;2026-02-28;5.78;Python;2239;10;9440;9400;0.9958;0
soimort/you-get;56755;2012-08-20;2026-02-28;13.53;Python;582;123;0;0;0;0
pocketbase/pocketbase;56453;2022-07-05;2026-02-28;3.65;Go;55;244;1949;1927;0.9887;0
pathwaycom/llm-app;56275;2023-07-19;2026-02-28;2.62;Jupyter Notebook;49;0;18;13;0.7222;0
remix-run/react-router;56268;2014-05-16;2026-02-28;11.79;TypeScript;3412;326;8310;8195;0.9862;0
ageitgey/face_recognition;56159;2017-03-03;2026-02-28;8.99;Python;94;2;1378;598;0.4340;0
meilisearch/meilisearch;56121;2018-04-23;2026-02-28;7.85;Rust;2330;298;2392;2163;0.9043;0
dani-garcia/vaultwarden;56060;2018-02-17;2026-02-28;8.03;Rust;1079;78;2561;2551;0.9961;0
gatsbyjs/gatsby;55952;2015-05-21;2026-02-28;10.78;JavaScript;18243;158;14130;13914;0.9847;0
pi-hole/pi-hole;55915;2014-06-08;2026-02-28;11.73;Shell;2170;123;3125;3093;0.9898;0
rust-unofficial/awesome-rust;55886;2014-07-17;2026-02-28;11.62;Rust;1684;0;143;133;0.9301;0
azl397985856/leetcode;55820;2018-03-30;2026-02-28;7.92;JavaScript;257;40;256;248;0.9688;0
rclone/rclone;55777;2014-03-16;2026-02-28;11.96;Go;2303;121;5963;5033;0.8440;0
Textualize/rich;55646;2019-11-10;2026-02-28;6.30;Python;860;175;1478;1263;0.8545;0
wasabeef/awesome-android-ui;55532;2014-12-23;2026-02-28;11.18;(não detectada);90;0;115;94;0.8174;0
golang-standards/project-layout;55450;2017-09-09;2026-02-28;8.47;Makefile;94;0;115;44;0.3826;0
tiimgreen/github-cheat-sheet;55417;2014-04-12;2026-02-28;11.88;(não detectada);129;0;74;49;0.6622;0
RVC-Boss/GPT-SoVITS;55373;2024-01-14;2026-02-28;2.12;Python;355;4;2006;1232;0.6142;0
AntonOsika/gpt-engineer;55211;2023-04-29;2026-02-28;2.84;Python;351;21;501;470;0.9381;0
Mintplex-Labs/anything-llm;55185;2023-06-03;2026-02-28;2.74;JavaScript;1287;24;3190;2918;0.9147;0
opendatalab/MinerU;55172;2024-02-29;2026-02-28;2.00;Python;1314;143;2085;1898;0.9103;0
Z4nzu/hackingtool;55125;2020-04-11;2026-02-28;5.88;Python;57;0;392;322;0.8214;0
deepfakes/faceswap;54991;2017-12-19;2026-02-28;8.20;Python;363;5;898;896;0.9978;0
appwrite/appwrite;54981;2019-04-08;2026-02-28;6.89;TypeScript;4429;120;4291;3746;0.8730;0
microsoft/autogen;54968;2023-08-18;2026-02-28;2.53;Python;2534;98;2935;2494;0.8497;0
FoundationAgents/OpenManus;54838;2025-03-06;2026-02-28;0.98;Python;115;3;741;388;0.5236;0
affaan-m/everything-claude-code;54638;2026-01-17;2026-02-28;0.11;JavaScript;79;9;120;110;0.9167;0
starship/starship;54454;2019-04-02;2026-02-28;6.91;Rust;3052;138;2628;1852;0.7047;0
docling-project/docling;54430;2024-07-09;2026-02-28;1.64;Python;730;154;1623;810;0.4991;0
lencx/ChatGPT;54379;2022-12-07;2026-02-28;3.23;Rust;123;34;1253;368;0.2937;0
ElemeFE/element;54203;2016-09-03;2026-02-28;9.49;Vue;3231;145;17894;15249;0.8522;0
marktext/marktext;54089;2017-11-12;2026-02-28;8.30;JavaScript;941;36;2998;1654;0.5517;0
maybe-finance/maybe;54021;2024-01-01;2026-02-28;2.16;Ruby;1073;28;0;0;0;0
go-gitea/gitea;53963;2016-11-01;2026-02-28;9.33;Go;18489;224;15422;12805;0.8303;0
karpathy/nanoGPT;53925;2022-12-27;2026-02-28;3.17;Python;45;0;353;114;0.3229;0
psf/requests;53842;2011-02-13;2026-02-27;15.04;Python;1614;14;4125;3939;0.9549;1
necolas/normalize.css;53753;2011-05-04;2026-02-27;14.82;CSS;56;0;517;470;0.9091;1
ultralytics/ultralytics;53739;2022-09-11;2026-02-28;3.47;Python;4224;347;12470;12327;0.9885;0
laurent22/joplin;53664;2017-01-16;2026-02-28;9.12;TypeScript;5192;399;7743;7153;0.9238;0
facebookresearch/segment-anything;53526;2023-03-23;2026-02-28;2.94;Jupyter Notebook;16;0;717;182;0.2538;0
wagoodman/dive;53437;2018-05-13;2026-02-28;7.80;Go;164;28;373;205;0.5496;0
romkatv/powerlevel10k;53127;2019-02-24;2026-02-28;7.01;Shell;168;33;2602;2488;0.9562;0
vuejs/core;53092;2018-06-12;2026-02-28;7.72;TypeScript;3619;268;5952;5299;0.8903;0
ngosang/trackerslist;53053;2016-04-24;2026-02-28;9.85;(não detectada);1;0;508;501;0.9862;0
google/material-design-icons;52925;2014-10-08;2026-02-28;11.39;(não detectada);50;16;1562;1177;0.7535;0
mozilla/pdf.js;52898;2011-04-26;2026-02-28;14.85;JavaScript;8429;82;10416;9987;0.9588;0
unslothai/unsloth;52867;2023-11-29;2026-02-28;2.25;Python;756;23;2956;2100;0.7104;0
firstcontributions/first-contributions;52764;2016-09-20;2026-02-28;9.44;(não detectada);94423;0;1364;1312;0.9619;0
WerWolv/ImHex;52727;2020-11-10;2026-02-28;5.30;C++;722;82;1553;1252;0.8062;0
JetBrains/kotlin;52396;2012-02-13;2026-02-28;14.04;Kotlin;2131;283;0;0;0;0
ionic-team/ionic-framework;52383;2013-08-20;2026-02-28;12.53;TypeScript;6508;929;22138;21539;0.9729;0
Zie619/n8n-workflows;52308;2025-05-14;2026-02-28;0.80;Python;34;1;96;80;0.8333;0
sickcodes/Docker-OSX;52222;2020-06-04;2026-02-28;5.74;Shell;109;0;681;287;0.4214;0
cloudcommunity/Free-Certifications;52103;2020-07-31;2026-02-28;5.58;(não detectada);115;0;64;19;0.2969;0
TryGhost/Ghost;51931;2013-05-04;2026-02-28;12.82;JavaScript;15615;950;7217;7152;0.9910;0
microsoft/ai-agents-for-beginners;51844;2024-11-28;2026-02-28;1.25;Jupyter Notebook;317;0;86;86;1.0000;0
prettier/prettier;51702;2016-11-29;2026-02-28;9.25;JavaScript;9640;134;7175;5979;0.8333;0
PowerShell/PowerShell;51687;2016-01-13;2026-02-28;10.13;C#;8057;193;13314;12130;0.9111;0
typst/typst;51672;2019-09-24;2026-02-28;6.43;Rust;2219;27;4045;2952;0.7298;0
etcd-io/etcd;51582;2013-07-06;2026-02-28;12.65;Go;10196;272;7119;7005;0.9840;0
xai-org/grok-1;51523;2024-03-17;2026-02-28;1.95;Python;5;0;0;0;0;0
2dust/v2rayNG;51494;2019-05-14;2026-02-28;6.79;Kotlin;541;281;3685;3679;0.9984;0
google/guava;51479;2014-05-29;2026-02-28;11.75;Java;1183;57;3647;3029;0.8305;0
vsouza/awesome-ios;51413;2014-07-10;2026-02-28;11.64;Swift;2240;0;492;490;0.9959;0
jekyll/jekyll;51410;2008-10-20;2026-02-27;17.36;Ruby;3197;112;4924;4798;0.9744;1
termux/termux-app;51286;2015-10-23;2026-02-28;10.35;Java;177;95;3022;2590;0.8570;0
coollabsio/coolify;51154;2021-01-25;2026-02-28;5.09;PHP;2288;665;3448;2877;0.8344;0
Semantic-Org/Semantic-UI;51139;2013-04-08;2026-02-28;12.89;JavaScript;356;154;6235;5269;0.8451;0
chinese-poetry/chinese-poetry;51002;2016-09-02;2026-02-28;9.49;JavaScript;137;1;213;92;0.4319;0
DefinitelyTyped/DefinitelyTyped;50993;2012-10-05;2026-02-28;13.40;TypeScript;52933;1;8109;7543;0.9302;0
agalwood/Motrix;50936;2018-12-18;2026-02-28;7.20;JavaScript;192;21;1354;597;0.4409;0
ethereum/go-ethereum;50871;2013-12-26;2026-02-28;12.18;Go;8757;227;8632;8444;0.9782;0
justjavac/awesome-wechat-weapp;50551;2016-09-22;2026-02-28;9.43;(não detectada);278;0;0;0;0;0
poteto/hiring-without-whiteboards;50467;2017-03-15;2026-02-28;8.96;JavaScript;1309;0;0;0;0;0
charlax/professional-programming;50395;2015-11-07;2026-02-28;10.31;Python;42;0;32;32;1.0000;0
dockur/windows;50156;2024-01-14;2026-02-28;2.13;Shell;518;119;980;880;0.8980;0
jgthms/bulma;50054;2016-01-23;2026-02-28;10.10;CSS;646;22;2742;2401;0.8756;0
jesseduffield/lazydocker;49912;2019-05-18;2026-02-28;6.79;Go;191;45;396;203;0.5126;0
harry0703/MoneyPrinterTurbo;49740;2024-03-10;2026-02-28;1.97;Python;145;9;615;400;0.6504;0
Avik-Jain/100-Days-Of-ML-Code;49739;2018-07-05;2026-02-28;7.65;(não detectada);6;0;0;0;0;0
mastodon/mastodon;49695;2016-02-22;2026-02-28;10.02;Ruby;19103;327;12727;8532;0.6704;0
cypress-io/cypress;49587;2015-03-03;2026-02-28;10.99;TypeScript;8064;387;15316;14099;0.9205;0
NARKOZ/hacker-scripts;49422;2015-11-21;2026-02-28;10.27;JavaScript;63;0;104;68;0.6538;0
FlowiseAI/Flowise;49418;2023-03-31;2026-02-28;2.92;TypeScript;1558;80;2500;1861;0.7444;0
odoo/odoo;49219;2014-05-13;2026-02-28;11.80;Python;6182;0;18805;15253;0.8111;0
AlistGo/alist;49077;2020-12-23;2026-02-28;5.18;Go;899;143;4430;3887;0.8774;0
lyswhut/lx-music-desktop;49050;2019-08-14;2026-02-28;6.54;TypeScript;88;111;2350;1273;0.5417;0
dkhamsing/open-source-ios-apps;49024;2015-01-26;2026-02-28;11.09;(não detectada);1539;37;332;332;1.0000;0
nlohmann/json;48981;2013-07-04;2026-02-28;12.66;C++;994;45;2365;2327;0.9839;0
jellyfin/jellyfin;48921;2018-12-09;2026-02-28;7.22;C#;5168;102;8179;7554;0.9236;0
dbeaver/dbeaver;48851;2015-10-21;2026-02-28;10.36;Java;6715;242;20000;16838;0.8419;0
huginn/huginn;48780;2013-03-10;2026-02-28;12.97;Ruby;1056;1;2179;1576;0.7233;0
TanStack/query;48656;2019-09-10;2026-02-28;6.47;TypeScript;3180;1000;2272;2203;0.9696;0
iamkun/dayjs;48566;2018-04-10;2026-02-27;7.89;JavaScript;715;125;1825;867;0.4751;1
JuliaLang/julia;48511;2011-04-21;2026-02-28;14.86;Julia;26847;195;25830;21977;0.8508;0
ReactiveX/RxJava;48483;2013-01-08;2026-02-28;13.14;Java;3376;243;3181;3167;0.9956;0
algorithm-visualizer/algorithm-visualizer;48370;2016-05-14;2026-02-28;9.79;JavaScript;183;0;123;76;0.6179;0
mem0ai/mem0;48284;2023-06-20;2026-02-28;2.70;Python;1817;272;1380;938;0.6797;0
ChrisTitusTech/winutil;48257;2022-04-27;2026-02-28;3.84;PowerShell;1051;33;2132;2125;0.9967;0
moment/moment;48058;2011-02-28;2026-02-28;15.00;JavaScript;714;0;4165;3915;0.9400;0
pandas-dev/pandas;48004;2010-08-23;2026-02-28;15.52;Python;27932;118;28145;24705;0.8778;0
hashicorp/terraform;47838;2014-03-13;2026-02-28;11.96;Go;13195;402;21613;19843;0.9181;0
x64dbg/x64dbg;47807;2015-04-11;2026-02-28;10.89;C++;774;4;2685;2110;0.7858;0
lllyasviel/Fooocus;47778;2023-08-09;2026-02-28;2.56;Python;448;21;1641;1419;0.8647;0
type-challenges/type-challenges;47723;2020-07-23;2026-02-28;5.60;TypeScript;598;0;37044;3996;0.1079;0
serhii-londar/open-source-mac-os-apps;47635;2017-11-03;2026-02-28;8.32;(não detectada);614;0;217;210;0.9677;0
minimaxir/big-list-of-naughty-strings;47605;2015-08-08;2026-02-26;10.56;Python;89;0;101;32;0.3168;2
expo/expo;47600;2016-08-15;2026-02-28;9.54;TypeScript;20538;0;18093;17765;0.9819;0
kelseyhightower/kubernetes-the-hard-way;47600;2016-07-07;2026-02-28;9.65;(não detectada);73;0;438;416;0.9498;0
kamranahmedse/design-patterns-for-humans;47588;2017-02-16;2026-02-28;9.03;(não detectada);50;0;52;47;0.9038;0
sansan0/TrendRadar;47573;2025-04-28;2026-02-28;0.84;Python;0;0;386;356;0.9223;0
gogs/gogs;47537;2014-02-11;2026-02-28;12.05;Go;1866;96;5176;4254;0.8219;0
bigskysoftware/htmx;47516;2020-04-13;2026-02-28;5.88;JavaScript;1049;27;1666;1057;0.6345;0
karan/Projects;47445;2013-07-04;2026-02-28;12.66;(não detectada);19;0;92;37;0.4022;0
skylot/jadx;47436;2013-03-18;2026-02-28;12.95;Java;617;34;2050;1634;0.7971;0
run-llama/llama_index;47259;2022-11-02;2026-02-28;3.33;Python;7611;425;6923;6692;0.9666;0
freqtrade/freqtrade;47236;2017-05-17;2026-02-28;8.79;Python;6308;110;5553;5525;0.9950;0
upstash/context7;47221;2025-03-26;2026-02-28;0.93;TypeScript;256;48;1622;1481;0.9131;0
akullpp/awesome-java;47170;2014-07-09;2026-02-28;11.64;(não detectada);733;0;138;136;0.9855;0
ggml-org/whisper.cpp;47102;2022-09-25;2026-02-28;3.43;C++;931;31;1869;872;0.4666;0
typescript-cheatsheets/react;46974;2018-06-02;2026-02-28;7.74;JavaScript;375;0;224;224;1.0000;0
serverless/serverless;46949;2015-04-21;2026-02-28;10.86;JavaScript;4848;480;6597;5478;0.8304;0
brillout/awesome-react-components;46932;2016-06-24;2026-02-28;9.68;(não detectada);343;0;54;44;0.8148;0
v2ray/v2ray-core;46920;2015-09-04;2026-02-28;10.49;Go;203;247;2596;2593;0.9988;0
1c7/chinese-independent-developer;46909;2017-09-21;2026-02-28;8.44;(não detectada);403;0;240;238;0.9917;0
square/okhttp;46908;2012-07-23;2026-02-28;13.60;Kotlin;3960;0;4245;4180;0.9847;0
jakevdp/PythonDataScienceHandbook;46897;2016-08-10;2026-02-28;9.55;Jupyter Notebook;28;0;208;79;0.3798;0
slab/quill;46891;2012-07-30;2026-02-28;13.58;TypeScript;382;95;3820;3269;0.8558;0
Homebrew/brew;46773;2016-03-06;2026-02-28;9.98;Ruby;13767;472;4994;4984;0.9980;0
pixijs/pixijs;46655;2013-01-21;2026-02-28;13.10;TypeScript;3800;303;6068;5798;0.9555;0
GokuMohandas/Made-With-ML;46465;2018-11-05;2026-02-28;7.32;Jupyter Notebook;147;0;77;59;0.7662;0
discourse/discourse;46445;2013-01-11;2026-02-28;13.13;Ruby;33268;0;0;0;0;0
metabase/metabase;46243;2015-02-02;2026-02-28;11.07;Clojure;39310;727;24341;20703;0.8505;0
DovAmir/awesome-design-patterns;46219;2018-06-04;2026-02-28;7.74;(não detectada);30;0;15;5;0.3333;0
ziishaned/learn-regex;46163;2017-07-22;2026-02-28;8.61;(não detectada);132;0;87;36;0.4138;0
OpenCut-app/OpenCut;46154;2025-06-22;2026-02-28;0.69;TypeScript;187;1;246;85;0.3455;0
Asabeneh/30-Days-Of-JavaScript;46126;2019-12-23;2026-02-28;6.19;JavaScript;100;0;178;60;0.3371;0
ClickHouse/ClickHouse;46111;2016-06-02;2026-02-28;9.74;C++;58633;739;27366;22741;0.8310;0
oobabooga/text-generation-webui;46102;2022-12-21;2026-02-28;3.19;Python;1226;92;4096;1455;0.3552;0
dypsilon/frontend-dev-bookmarks;46100;2013-06-22;2026-02-28;12.69;(não detectada);129;1;108;82;0.7593;0
makeplane/plane;46066;2022-11-19;2026-02-28;3.28;TypeScript;6257;53;1549;958;0.6185;0
tw93/Pake;46021;2022-10-14;2026-02-28;3.38;Rust;110;41;473;473;1.0000;0
astral-sh/ruff;46015;2022-08-09;2026-02-28;3.56;Rust;13521;401;7786;6140;0.7886;0
virattt/ai-hedge-fund;45971;2024-11-29;2026-02-28;1.25;Python;40;0;229;203;0.8865;0
acmesh-official/acme.sh;45823;2015-12-26;2026-02-28;10.18;Shell;1510;46;3500;2380;0.6800;0
microsoft/monaco-editor;45624;2016-06-07;2026-02-28;9.73;JavaScript;558;187;3964;3228;0.8143;0
android/architecture-samples;45589;2016-02-05;2026-02-28;10.06;Kotlin;232;0;491;349;0.7108;0
tldraw/tldraw;45533;2021-05-09;2026-02-28;4.81;TypeScript;4404;101;2138;1870;0.8746;0
microsoft/AI-For-Beginners;45530;2021-03-03;2026-02-28;4.99;Jupyter Notebook;289;0;148;148;1.0000;0
LeCoupa/awesome-cheatsheets;45418;2017-11-09;2026-02-28;8.31;JavaScript;171;0;98;59;0.6020;0
prisma/prisma;45412;2019-06-20;2026-02-28;6.69;TypeScript;6739;242;11815;9432;0.7983;0
GitHubDaily/GitHubDaily;45369;2018-12-30;2026-02-28;7.17;(não detectada);3;0;707;181;0.2560;0
ColorlibHQ/AdminLTE;45308;2013-12-25;2026-02-28;12.18;CSS;1565;77;2906;2769;0.9529;0
jestjs/jest;45307;2013-12-09;2026-02-28;12.22;TypeScript;5773;213;8178;7970;0.9746;0
jeecgboot/JeecgBoot;45300;2018-11-26;2026-02-28;7.26;Java;125;68;8147;8107;0.9951;0
google/zx;45217;2021-05-05;2026-02-28;4.82;JavaScript;602;100;511;492;0.9628;0
coreybutler/nvm-windows;45119;2014-09-20;2026-02-28;11.44;Go;107;23;951;873;0.9180;0
ghostty-org/ghostty;44969;2022-03-29;2026-02-28;3.92;Zig;3547;1;2008;1877;0.9348;0
crewAIInc/crewAI;44833;2023-10-27;2026-02-28;2.34;Python;1373;140;1750;1684;0.9623;0
bevyengine/bevy;44830;2020-01-18;2026-02-28;6.11;Rust;7440;52;7988;5338;0.6683;0
isocpp/CppCoreGuidelines;44804;2015-08-19;2026-02-28;10.53;CSS;824;4;1229;985;0.8015;0
meteor/meteor;44784;2012-01-18;2026-02-28;14.11;JavaScript;2650;0;9255;9019;0.9745;1
RocketChat/Rocket.Chat;44755;2015-05-19;2026-02-28;10.78;TypeScript;15646;1000;16768;14477;0.8634;0
vercel/hyper;44686;2016-07-01;2026-02-28;9.66;TypeScript;3291;88;3820;2873;0.7521;0
coqui-ai/TTS;44667;2020-05-20;2026-02-28;5.78;Python;467;98;1229;1225;0.9967;0
KRTirtho/spotube;44631;2021-02-14;2026-02-28;5.04;Dart;257;43;2019;1304;0.6459;0
react-hook-form/react-hook-form;44564;2019-03-05;2026-02-28;6.99;TypeScript;2141;600;4926;4839;0.9823;0
Leaflet/Leaflet;44563;2010-09-22;2026-02-28;15.44;JavaScript;3237;34;5342;4943;0.9253;0
slidevjs/slidev;44547;2021-04-23;2026-02-28;4.85;TypeScript;798;417;1293;1135;0.8778;0
penpot/penpot;44481;2015-12-29;2026-02-28;10.17;Clojure;5481;69;2160;1621;0.7505;0
NanmiCoder/MediaCrawler;44457;2023-06-09;2026-02-28;2.73;Python;129;0;567;435;0.7672;0
apache/airflow;44440;2015-04-13;2026-02-28;10.88;Python;33990;114;13847;12483;0.9015;0
grpc/grpc;44426;2014-12-08;2026-02-28;11.23;C++;20498;364;11910;11225;0.9425;0
gedoor/legado;44417;2019-05-22;2026-02-28;6.78;Kotlin;1139;115;3194;3169;0.9922;0
GitSquared/edex-ui;44338;2017-01-28;2026-02-28;9.09;JavaScript;399;29;559;553;0.9893;0
pyenv/pyenv;44332;2012-08-31;2026-02-28;13.50;Shell;1034;148;1882;1832;0.9734;0
sudheerj/reactjs-interview-questions;44299;2018-05-31;2026-02-28;7.75;JavaScript;170;0;112;109;0.9732;0
karpathy/nanochat;44232;2025-10-13;2026-02-28;0.38;Python;71;0;114;100;0.8772;0
astaxie/build-web-application-with-golang;44159;2012-08-02;2026-02-28;13.58;Go;757;0;306;183;0.5980;0
docker/awesome-compose;44140;2020-02-13;2026-02-28;6.04;HTML;149;0;139;43;0.3094;0
parcel-bundler/parcel;44048;2017-08-07;2026-02-28;8.56;JavaScript;2600;52;5520;5052;0.9152;1
NaiboWang/EasySpider;44000;2020-07-17;2026-02-28;5.62;JavaScript;44;10;757;495;0.6539;0
streamich/react-use;43947;2018-10-27;2026-02-28;7.34;TypeScript;1533;256;609;245;0.4023;0
iina/iina;43929;2016-12-19;2026-02-28;9.20;Swift;882;47;4373;2506;0.5731;0
square/retrofit;43896;2010-09-06;2026-02-28;15.48;HTML;1337;4;2764;2637;0.9541;0
babel/babel;43888;2014-09-28;2026-02-28;11.42;TypeScript;6535;452;9057;8464;0.9345;0
yangshun/front-end-interview-handbook;43857;2018-01-13;2026-02-28;8.13;MDX;349;0;102;91;0.8922;0
lukasz-madon/awesome-remote-job;43816;2015-01-01;2026-02-28;11.16;(não detectada);593;0;87;75;0.8621;0
aymericdamien/TensorFlow-Examples;43798;2015-11-11;2026-02-28;10.30;Jupyter Notebook;88;0;238;71;0.2983;0
streamlit/streamlit;43676;2019-08-23;2026-02-28;6.52;Python;6793;115;5773;4644;0.8044;0
upscayl/upscayl;43615;2022-07-30;2026-02-28;3.58;TypeScript;0;29;1035;977;0.9440;0
SimplifyJobs/Summer2026-Internships;43568;2020-05-23;2026-02-28;5.77;Python;1674;0;7242;7240;0.9997;0
FuelLabs/fuels-rs;43412;2021-10-31;2026-02-27;4.33;Rust;908;120;663;613;0.9246;1
AykutSarac/jsoncrack.com;43388;2022-01-30;2026-02-28;4.08;TypeScript;89;22;281;246;0.8754;0
FuelLabs/fuels-ts;43367;2021-09-03;2026-02-28;4.49;TypeScript;1979;156;1457;1400;0.9609;0
spf13/cobra;43329;2013-09-03;2026-02-28;12.49;Go;626;27;1237;997;0.8060;0
getsentry/sentry;43238;2010-08-30;2026-02-28;15.50;Python;81544;163;16695;14759;0.8840;0
zhongyang219/TrafficMonitor;43188;2017-07-29;2026-02-28;8.59;C++;67;26;1974;728;0.3688;0
helix-editor/helix;43163;2020-06-01;2026-02-28;5.75;Rust;4608;30;5732;4728;0.8248;0
mudler/LocalAI;43137;2023-03-18;2026-02-28;2.95;Go;4893;97;1275;1146;0.8988;0
milvus-io/milvus;43042;2019-09-16;2026-02-28;6.45;Go;24764;153;15176;14355;0.9459;0
Unitech/pm2;42961;2013-05-21;2026-02-28;12.78;JavaScript;558;134;5116;4103;0.8020;1
apache/spark;42900;2014-02-25;2026-02-28;12.01;Scala;9;0;9;2;0.2222;0
Light-City/CPlusPlusThings;42886;2019-07-14;2026-02-28;6.63;C++;72;0;229;218;0.9520;0
Kong/kong;42849;2014-11-17;2026-02-28;11.28;Lua;6501;145;4590;4532;0.9874;0
ziglang/zig;42817;2015-08-05;2026-02-28;10.57;Zig;9540;21;13518;10186;0.7535;0
cli/cli;42808;2019-10-03;2026-02-28;6.41;Go;2785;189;5759;4853;0.8427;0
9001/copyparty;42807;2019-05-26;2026-02-28;6.76;Python;167;336;840;631;0.7512;0
faif/python-patterns;42763;2012-06-06;2026-02-28;13.73;Python;289;0;96;85;0.8854;0
alex/what-happens-when;42751;2013-11-07;2026-02-28;12.31;(não detectada);108;0;296;54;0.1824;1
k88hudson/git-flight-rules;42484;2014-07-22;2026-02-26;11.61;(não detectada);226;0;73;57;0.7808;2
mitmproxy/mitmproxy;42436;2010-02-16;2026-02-28;16.03;Python;2730;79;3641;3276;0.8998;0
bannedbook/fanqiang;42381;2015-01-13;2026-02-28;11.13;Kotlin;3;3;810;485;0.5988;0
Alamofire/Alamofire;42350;2014-07-31;2026-02-28;11.58;Swift;664;104;2812;2779;0.9883;0
tmux/tmux;42348;2015-06-03;2026-02-28;10.74;C;2;39;3890;3857;0.9915;0
jgm/pandoc;42291;2010-03-20;2026-02-28;15.95;Haskell;1758;153;8178;7212;0.8819;0
hiroi-sora/Umi-OCR;42284;2022-03-28;2026-02-28;3.93;Python;58;31;839;517;0.6162;0
DIYgod/RSSHub;42252;2018-04-02;2026-02-28;7.91;TypeScript;12053;0;6314;5956;0.9433;0
files-community/Files;42186;2019-01-04;2026-02-28;7.15;C#;5504;130;11059;10556;0.9545;0
apachecn/ailearning;42056;2017-02-25;2026-02-28;9.01;Python;478;2;116;113;0.9741;0
mingrammer/diagrams;42042;2020-02-02;2026-02-28;6.07;Python;341;46;539;224;0.4156;0
colinhacks/zod;41991;2020-03-07;2026-02-28;5.98;TypeScript;975;201;3005;2843;0.9461;0
exo-explore/exo;41882;2024-06-24;2026-02-28;1.68;Python;588;13;722;617;0.8546;0
gradio-app/gradio;41876;2018-12-19;2026-02-28;7.20;Python;5337;1000;6453;6011;0.9315;0
sharkdp/fd;41843;2017-05-09;2026-02-28;8.81;Rust;707;41;950;817;0.8600;0
nolimits4web/swiper;41804;2012-03-14;2026-02-28;13.96;JavaScript;619;94;5808;5575;0.9599;0
fastapi/full-stack-fastapi-template;41775;2019-02-23;2026-02-28;7.01;TypeScript;615;12;436;436;1.0000;0
apache/dubbo;41704;2012-06-19;2026-02-28;13.70;Java;6002;113;7367;6561;0.8906;0
deepspeedai/DeepSpeed;41703;2020-01-23;2026-02-28;6.10;Python;2938;106;3308;2153;0.6508;0
zhayujie/chatgpt-on-wechat;41632;2022-08-07;2026-02-28;3.56;Python;285;66;2023;1715;0.8478;0
nwjs/nw.js;41562;2012-01-04;2026-02-28;14.15;JavaScript;575;0;7433;6482;0.8721;1
siyuan-note/siyuan;41558;2020-08-30;2026-02-28;5.50;TypeScript;671;876;16184;15844;0.9790;0
byoungd/English-level-up-tips;41547;2017-05-30;2026-02-28;8.75;(não detectada);26;0;106;78;0.7358;0
yarnpkg/yarn;41535;2016-01-19;2026-02-27;10.11;JavaScript;1655;153;6614;4740;0.7167;1
ray-project/ray;41523;2016-10-25;2026-02-28;9.34;Python;30017;122;22384;19477;0.8701;0
dcloudio/uni-app;41430;2018-07-12;2026-02-28;7.63;JavaScript;552;0;5052;4384;0.8678;0
psf/black;41405;2018-03-14;2026-02-28;7.96;Python;1710;51;2777;2479;0.8927;0
dylanaraps/pure-bash-bible;41394;2018-06-12;2026-02-28;7.71;Shell;28;0;77;33;0.4286;0
hpcaitech/ColossalAI;41365;2021-10-28;2026-02-28;4.34;Python;3705;50;1741;1299;0.7461;0
hexojs/hexo;41267;2012-09-23;2026-02-28;13.43;TypeScript;975;117;3993;3918;0.9812;0
logseq/logseq;41261;2020-05-22;2026-02-28;5.77;Clojure;3131;152;8094;7124;0.8802;0
zai-org/ChatGLM-6B;41227;2023-03-13;2026-02-28;2.97;Python;49;0;1312;751;0.5724;0
usebruno/bruno;41188;2022-09-27;2026-02-28;3.42;JavaScript;2034;160;3873;2423;0.6256;0
bailicangdu/vue2-elm;41166;2016-12-22;2026-02-28;9.18;Vue;21;0;631;512;0.8114;0
ccxt/ccxt;41118;2017-05-14;2026-02-28;8.79;Python;14161;214;11294;10493;0.9291;0
fastlane/fastlane;41104;2014-12-02;2026-02-28;11.24;Ruby;6339;560;13259;12590;0.9495;0
Aider-AI/aider;41041;2023-05-09;2026-02-28;2.81;Python;284;93;3965;2806;0.7077;0
karanpratapsingh/system-design;41032;2022-08-15;2026-02-28;3.54;(não detectada);12;0;23;21;0.9130;0
styled-components/styled-components;41030;2016-08-16;2026-02-28;9.54;TypeScript;995;189;2985;2675;0.8961;0
chubin/cheat.sh;41029;2017-05-07;2026-02-28;8.81;Python;129;0;264;135;0.5114;0
curl/curl;40981;2010-03-18;2026-02-28;15.95;C;202;94;5375;5361;0.9974;0
vuetifyjs/vuetify;40968;2016-09-11;2026-02-28;9.46;TypeScript;4655;639;15269;14772;0.9675;0
payloadcms/payload;40850;2021-01-05;2026-02-28;5.15;TypeScript;6732;558;4361;4097;0.9395;0
juspay/hyperswitch;40816;2022-10-17;2026-02-28;3.37;Rust;6502;152;3453;2506;0.7257;0
tabler/tabler;40799;2018-02-01;2026-02-28;8.08;HTML;787;51;1150;1063;0.9243;0
janhq/jan;40715;2023-08-16;2026-02-28;2.54;TypeScript;3388;97;3290;3067;0.9322;0
LC044/WeChatMsg;40585;2023-01-11;2026-02-28;3.13;(não detectada);62;0;0;0;0;0
bradtraversy/50projects50days;40456;2020-11-16;2026-02-28;5.28;CSS;44;0;0;0;0;0
CherryHQ/cherry-studio;40406;2024-05-23;2026-02-28;1.77;TypeScript;2969;243;8576;8099;0.9444;0
calcom/cal.com;40391;2021-03-22;2026-02-28;4.94;TypeScript;12887;610;9041;8060;0.8915;0
saadeghi/daisyui;40375;2020-11-28;2026-02-28;5.25;Svelte;523;184;2113;2083;0.9858;0
DataExpert-io/data-engineer-handbook;40354;2023-11-19;2026-02-28;2.28;Jupyter Notebook;177;0;84;71;0.8452;0
zen-browser/desktop;40334;2024-03-27;2026-02-28;1.92;JavaScript;772;153;8409;7930;0.9430;0
chakra-ui/chakra-ui;40330;2019-08-17;2026-02-28;6.54;TypeScript;2924;1000;4282;4277;0.9988;0
Raphire/Win11Debloat;40325;2020-10-27;2026-02-28;5.34;PowerShell;57;23;281;249;0.8861;0
QSCTech/zju-icicles;40276;2016-06-28;2026-02-28;9.67;HTML;232;0;78;69;0.8846;0
aria2/aria2;40147;2010-11-27;2026-02-28;15.26;C++;254;24;1913;826;0.4318;0
twentyhq/twenty;40135;2022-12-01;2026-02-28;3.25;TypeScript;10014;59;6115;5910;0.9665;0
zbezj/HEU_KMS_Activator;40113;2019-06-22;2026-02-28;6.69;(não detectada);0;49;193;31;0.1606;0
wg/wrk;40094;2012-03-20;2026-02-28;13.94;C;0;0;407;262;0.6437;0
jingyaogong/minimind;40090;2024-07-27;2026-02-28;1.59;Python;9;2;544;523;0.9614;0
remoteintech/remote-jobs;40042;2015-10-13;2026-02-28;10.38;Nunjucks;1373;0;203;196;0.9655;0
charmbracelet/bubbletea;40030;2020-01-10;2026-02-28;6.14;Go;673;71;405;312;0.7704;0
php/php-src;39962;2011-06-15;2026-02-28;14.71;C;4779;42;4921;3984;0.8096;0
vim/vim;39924;2015-08-18;2026-02-28;10.53;Vim Script;440;0;9338;7773;0.8324;0
google-research/bert;39876;2018-10-25;2026-02-28;7.35;Python;32;0;1145;355;0.3100;0
pingcap/tidb;39859;2015-09-06;2026-02-28;10.48;Go;34591;213;22383;17943;0.8016;0
evanw/esbuild;39814;2016-06-14;2026-02-28;9.71;Go;257;309;3856;3312;0.8589;0
HeyPuter/puter;39731;2024-03-02;2026-02-28;1.99;JavaScript;1285;8;1005;843;0.8388;0
trpc/trpc;39629;2020-07-17;2026-02-28;5.62;TypeScript;3843;229;1338;1186;0.8864;0
go-gorm/gorm;39629;2013-10-25;2026-02-28;12.35;Go;775;11;6095;5606;0.9198;0
freefq/free;39577;2020-06-06;2026-02-28;5.73;(não detectada);0;0;808;257;0.3181;0
videojs/video.js;39512;2010-05-14;2026-02-28;15.79;JavaScript;1819;334;5413;4817;0.8899;0
floodsung/Deep-Learning-Papers-Reading-Roadmap;39475;2016-10-14;2026-02-28;9.38;Python;28;0;57;5;0.0877;0
lm-sys/FastChat;39419;2023-03-18;2026-02-28;2.95;Python;852;14;1926;1067;0.5540;0
photoprism/photoprism;39393;2018-01-27;2026-02-28;8.09;Go;878;79;2483;2051;0.8260;0
danielmiessler/Fabric;39377;2024-01-03;2026-02-28;2.15;Go;593;377;834;811;0.9724;0
gofiber/fiber;39305;2020-01-16;2026-02-28;6.12;Go;2105;135;1628;1588;0.9754;0
appsmithorg/appsmith;39278;2020-06-30;2026-02-28;5.67;TypeScript;14084;301;23705;19299;0.8141;0
facebookresearch/faiss;39230;2017-02-07;2026-02-28;9.06;C++;137;23;2723;2496;0.9166;0
goabstract/Awesome-Design-Tools;39144;2019-02-12;2026-02-28;7.05;JavaScript;283;0;49;26;0.5306;0
Dogfalo/materialize;39127;2014-09-12;2026-02-28;11.46;JavaScript;449;41;5222;4599;0.8807;0
phaserjs/phaser;39098;2013-04-12;2026-02-28;12.88;JavaScript;1733;173;4600;4512;0.9809;0
google/styleguide;39051;2015-05-20;2026-02-28;10.78;HTML;197;0;364;245;0.6731;0
koalaman/shellcheck;39041;2012-11-17;2026-02-28;13.28;Haskell;331;30;2943;1758;0.5973;0
suno-ai/bark;39017;2023-04-07;2026-02-28;2.90;Jupyter Notebook;19;0;477;242;0.5073;0
QuivrHQ/quivr;38967;2023-05-12;2026-02-28;2.80;Python;1824;354;1538;1534;0.9974;0
imputnet/cobalt;38932;2022-07-08;2026-02-28;3.64;Svelte;249;0;1003;807;0.8046;0
google/leveldb;38863;2014-08-27;2026-02-28;11.51;C++;64;21;788;540;0.6853;0
2noise/ChatTTS;38827;2024-05-27;2026-02-28;1.76;Python;220;6;672;614;0.9137;0
DataTalksClub/data-engineering-zoomcamp;38755;2021-10-21;2026-02-28;4.36;Jupyter Notebook;450;0;141;139;0.9858;0
ComposioHQ/awesome-claude-skills;38713;2025-10-17;2026-02-28;0.37;Python;20;0;55;3;0.0545;0
chatboxai/chatbox;38689;2023-03-06;2026-02-28;2.99;TypeScript;0;52;2489;1498;0.6018;0
novuhq/novu;38629;2021-08-26;2026-02-28;4.51;TypeScript;6840;108;1667;1541;0.9244;0
mifi/lossless-cut;38622;2016-10-30;2026-02-28;9.33;TypeScript;222;105;1798;1551;0.8626;0
mindsdb/mindsdb;38603;2018-08-02;2026-02-28;7.58;Python;5776;336;4399;4326;0.9834;0
nushell/nushell;38561;2019-05-10;2026-02-28;6.81;Rust;8428;116;7007;5541;0.7908;0
freeCodeCamp/devdocs;38553;2013-10-24;2026-02-28;12.35;Ruby;982;0;1261;1064;0.8438;1
impress/impress.js;38516;2011-12-28;2026-02-28;14.17;JavaScript;124;15;483;432;0.8944;1
bmad-code-org/BMAD-METHOD;38469;2025-04-13;2026-02-28;0.88;JavaScript;368;23;798;735;0.9211;0
preactjs/preact;38427;2015-09-10;2026-02-28;10.47;JavaScript;1992;240;1928;1868;0.9689;0
google/googletest;38276;2015-07-28;2026-02-28;10.59;C++;813;11;2364;1989;0.8414;0
agno-agi/agno;38267;2022-05-04;2026-02-28;3.82;Python;2867;170;1957;1679;0.8579;0
gto76/python-cheatsheet;38254;2018-01-25;2026-02-28;8.09;Python;0;0;27;27;1.0000;0
PhilJay/MPAndroidChart;38225;2014-04-25;2026-02-28;11.85;Java;191;44;4965;2898;0.5837;1
remotion-dev/remotion;38190;2020-06-23;2026-02-28;5.68;TypeScript;4146;592;2188;2113;0.9657;0
PatrickJS/awesome-cursorrules;38142;2024-09-16;2026-02-28;1.45;MDX;70;0;51;8;0.1569;0
lapce/lapce;38107;2018-02-06;2026-02-28;8.06;Rust;1177;35;2010;1200;0.5970;0
istio/istio;38054;2016-11-18;2026-02-28;9.28;Go;29424;423;21687;21271;0.9808;1
halo-dev/halo;38014;2018-03-21;2026-02-28;7.94;Java;2942;249;4575;4342;0.9491;0
microsoft/qlib;37990;2020-08-14;2026-02-28;5.54;Python;750;23;1041;762;0.7320;0
Kong/insomnia;37976;2016-04-23;2026-02-28;9.85;TypeScript;3739;546;3974;3251;0.8181;0
ant-design/ant-design-pro;37970;2017-08-25;2026-02-28;8.51;TypeScript;1025;26;9798;9625;0.9823;0
naptha/tesseract.js;37881;2015-06-23;2026-02-28;10.69;JavaScript;204;57;734;703;0.9578;0
dotnet/aspnetcore;37748;2014-03-11;2026-02-28;11.97;C#;18560;275;38615;35085;0.9086;0
denysdovhan/wtfjs;37729;2017-07-14;2026-02-28;8.63;JavaScript;125;25;118;96;0.8136;0
FreeCodeCampChina/freecodecamp.cn;37639;2016-09-30;2026-02-28;9.41;CSS;55;0;587;445;0.7581;0
rapid7/metasploit-framework;37620;2011-08-30;2026-02-28;14.50;Ruby;11650;0;6423;5948;0.9260;0
httpie/cli;37618;2012-02-25;2026-02-28;14.01;Python;406;47;910;723;0.7945;0
pola-rs/polars;37573;2020-05-13;2026-02-28;5.80;Rust;12691;248;12411;9897;0.7974;0
huihut/interview;37530;2018-02-09;2026-02-28;8.05;C++;36;0;66;65;0.9848;0
ToolJet/ToolJet;37500;2021-03-30;2026-02-28;4.92;JavaScript;7693;446;5146;4536;0.8815;0
vlang/v;37468;2019-02-08;2026-02-28;7.06;V;13069;302;10265;9151;0.8915;0
LAION-AI/Open-Assistant;37445;2022-12-13;2026-02-28;3.21;Python;1616;127;1646;1419;0.8621;0
RSSNext/Folo;37428;2024-04-08;2026-02-28;1.89;TypeScript;1432;93;2562;2184;0.8525;0
tw93/Mole;37395;2025-09-23;2026-02-28;0.43;Shell;109;26;332;332;1.0000;0
TencentARC/GFPGAN;37384;2021-03-19;2026-02-28;4.95;Python;14;8;508;135;0.2657;0
google-research/google-research;37367;2018-10-04;2026-02-28;7.40;Jupyter Notebook;29;0;1440;348;0.2417;0
TeamNewPipe/NewPipe;37362;2015-09-03;2026-02-28;10.49;Java;1793;140;10098;8772;0.8687;0
outline/outline;37352;2016-05-22;2026-02-28;9.77;TypeScript;4134;157;3898;3856;0.9892;0
chatchat-space/Langchain-Chatchat;37352;2023-03-31;2026-02-28;2.92;Python;621;31;4237;4229;0.9981;0
eugenp/tutorials;37352;2013-04-29;2026-02-28;12.84;Java;13711;0;790;773;0.9785;0
NervJS/taro;37318;2018-04-08;2026-02-28;7.89;TypeScript;3462;207;13101;11484;0.8766;0
CorentinTh/it-tools;37288;2020-04-05;2026-02-28;5.90;Vue;493;10;669;218;0.3259;0
BerriAI/litellm;37276;2023-07-26;2026-02-28;2.60;Python;9507;1000;9190;8345;0.9081;0
exacity/deeplearningbook-chinese;37205;2016-12-07;2026-02-28;9.23;TeX;16;7;203;139;0.6847;0
0voice/interview_internal_reference;37193;2019-06-10;2026-02-28;6.72;Python;35;0;52;19;0.3654;1
kilimchoi/engineering-blogs;37186;2015-06-13;2026-02-28;10.71;Ruby;681;0;97;75;0.7732;0
spacedriveapp/spacedrive;37174;2021-09-27;2026-02-28;4.42;Rust;1957;28;530;518;0.9774;0
llvm/llvm-project;37154;2016-12-07;2026-02-28;9.23;LLVM;74746;149;92376;64248;0.6955;0
alibaba/arthas;37111;2018-08-29;2026-02-28;7.50;Java;579;66;2128;1751;0.8228;1
docker/compose;37110;2013-12-09;2026-02-28;12.22;Go;3752;275;8274;8231;0.9948;0
vnpy/vnpy;37065;2015-03-02;2026-02-28;11.00;Python;1063;66;2161;2151;0.9954;0
openai/gym;37057;2016-04-27;2026-02-28;9.84;Python;999;19;1840;1727;0.9386;0
paperless-ngx/paperless-ngx;37005;2022-02-12;2026-02-28;4.04;Python;2967;142;2359;2359;1.0000;0
ManimCommunity/manim;36965;2020-05-18;2026-02-28;5.78;Python;2039;33;1737;1362;0.7841;0
huiyadanli/RevokeMsgPatcher;36957;2019-07-21;2026-02-28;6.61;C#;12;21;993;945;0.9517;0
satwikkansal/wtfpython;36915;2017-08-28;2026-02-28;8.50;Python;113;2;224;158;0.7054;0
AobingJava/JavaFamily;36890;2019-11-12;2026-02-28;6.30;(não detectada);2;0;66;60;0.9091;0
babysor/MockingBird;36877;2021-08-07;2026-02-28;4.56;Python;82;1;892;415;0.4652;0
inkonchain/docs;36838;2024-05-07;2026-02-28;1.81;MDX;406;0;37;13;0.3514;1
inkonchain/node;36789;2024-05-13;2026-02-27;1.80;Shell;36;6;26;13;0.5000;1
drawdb-io/drawdb;36784;2023-07-16;2026-02-28;2.62;JavaScript;344;0;336;214;0.6369;0
PKUanonym/REKCARC-TSC-UHT;36738;2019-04-05;2026-02-28;6.90;HTML;175;0;34;32;0.9412;0
sqlmapproject/sqlmap;36712;2012-06-26;2026-02-28;13.68;Python;180;11;5392;5353;0.9928;0
portainer/portainer;36702;2016-05-19;2026-02-28;9.78;TypeScript;4784;176;6021;5339;0.8867;0
inkonchain/ink-kit;36694;2024-11-04;2026-02-27;1.32;TypeScript;91;0;5;3;0.6000;1
exelban/stats;36691;2019-05-29;2026-02-28;6.75;Swift;432;320;2444;2417;0.9890;0
shadowsocks/shadowsocks-android;36663;2012-12-16;2026-02-28;13.20;Kotlin;258;186;2513;2459;0.9785;0
markedjs/marked;36609;2011-07-24;2026-02-28;14.60;TypeScript;1639;165;1652;1643;0.9946;0
roboflow/supervision;36604;2022-11-28;2026-02-28;3.25;Python;1118;35;517;431;0.8337;0
open-guides/og-aws;36594;2016-07-13;2026-02-28;9.63;Shell;498;0;228;88;0.3860;0
alebcay/awesome-shell;36553;2014-07-06;2026-02-28;11.65;(não detectada);307;0;63;23;0.3651;0
date-fns/date-fns;36490;2014-10-06;2026-02-28;11.40;TypeScript;1068;122;2038;1382;0.6781;0
huggingface/pytorch-image-models;36414;2019-02-02;2026-02-28;7.07;Python;522;75;1026;978;0.9532;0
karpathy/LLM101n;36391;2024-05-26;2026-02-28;1.76;(não detectada);0;0;0;0;0;0
duckdb/duckdb;36366;2018-06-26;2026-02-28;7.68;C++;9562;56;6577;6038;0.9180;0
gkd-kit/gkd;36363;2023-07-04;2026-02-28;2.66;Kotlin;8;64;735;725;0.9864;0
typeorm/typeorm;36353;2016-02-29;2026-02-28;10.00;TypeScript;2368;40;8540;8127;0.9516;1
fengdu78/Coursera-ML-AndrewNg-Notes;36351;2017-11-04;2026-02-28;8.32;HTML;14;0;69;15;0.2174;0
chatanywhere/GPT_API_free;36261;2023-04-23;2026-02-28;2.85;Python;1;0;417;365;0.8753;0
DavidHDev/react-bits;36246;2024-08-06;2026-02-28;1.56;JavaScript;155;0;477;469;0.9832;0
SheetJS/sheetjs;36202;2012-12-03;2026-02-28;13.24;(não detectada);106;0;2386;2267;0.9501;0
hankcs/HanLP;36163;2014-10-09;2026-02-28;11.39;Python;79;62;1434;1426;0.9944;0
slatedocs/slate;36162;2013-09-13;2026-02-28;12.46;(não detectada);298;28;609;559;0.9179;1
formulahendry/955.WLB;36124;2019-03-27;2026-02-28;6.93;(não detectada);18;0;263;81;0.3080;0
lerna/lerna;36090;2015-12-04;2026-02-28;10.24;TypeScript;1021;249;2691;2311;0.8588;0
myshell-ai/OpenVoice;36017;2023-11-29;2026-02-28;2.25;Python;18;0;348;73;0.2098;0
geekxh/hello-algorithm;36017;2020-05-29;2026-02-28;5.75;Java;26;0;44;33;0.7500;0
XingangPan/DragGAN;35979;2023-05-18;2026-02-28;2.79;Python;18;0;192;46;0.2396;1
carbon-app/carbon;35942;2017-06-15;2026-02-28;8.71;JavaScript;669;215;689;627;0.9100;0
juanfont/headscale;35929;2020-06-21;2026-02-28;5.69;Go;1229;132;1231;1153;0.9366;0
666ghj/BettaFish;35901;2024-07-01;2026-02-28;1.66;Python;103;6;387;372;0.9612;0
opentofu/manifesto;35898;2023-08-13;2026-02-28;2.55;HTML;765;0;26;14;0.5385;0
aseprite/aseprite;35867;2014-08-19;2026-02-28;11.53;C++;479;123;4478;2639;0.5893;0
reworkd/AgentGPT;35752;2023-04-06;2026-02-28;2.90;TypeScript;541;12;469;337;0.7186;0
qbittorrent/qBittorrent;35751;2012-02-04;2026-02-28;14.07;C++;4108;0;17268;14816;0.8580;0
koajs/koa;35738;2013-07-20;2026-02-28;12.61;JavaScript;541;16;932;914;0.9807;0
ShareX/ShareX;35728;2013-10-08;2026-02-28;12.39;C#;772;85;7173;6606;0.9210;0
deepseek-ai/awesome-deepseek-integration;35724;2024-01-10;2026-02-28;2.13;(não detectada);289;0;154;153;0.9935;0
fastify/fastify;35700;2016-09-28;2026-02-28;9.42;JavaScript;3256;306;2145;2070;0.9650;0
doocs/leetcode;35696;2018-09-16;2026-02-28;7.45;Java;4454;21;58;58;1.0000;0
jondot/awesome-react-native;35616;2015-03-26;2026-02-28;10.93;JavaScript;912;0;73;36;0.4932;0
servo/servo;35596;2012-02-08;2026-02-28;14.06;Rust;22993;5;15199;12319;0.8105;0
junegunn/vim-plug;35584;2013-09-10;2026-02-28;12.47;Vim Script;179;8;1041;972;0.9337;0
airbnb/lottie-android;35579;2016-10-06;2026-02-28;9.40;Java;720;63;1807;1754;0.9707;0
jaywcjlove/linux-command;35572;2016-11-12;2026-02-28;9.30;Markdown;370;32;209;133;0.6364;0
nextlevelbuilder/ui-ux-pro-max-skill;35570;2025-11-30;2026-02-28;0.25;Python;60;14;67;26;0.3881;0
YunaiV/ruoyi-vue-pro;35553;2021-01-24;2026-02-28;5.10;Java;73;54;742;738;0.9946;0
veggiemonk/awesome-docker;35545;2014-09-21;2026-02-28;11.44;Makefile;991;1;138;136;0.9855;0
mattermost/mattermost;35515;2015-06-15;2026-02-28;10.71;TypeScript;20501;933;9193;8652;0.9412;0
code-yeongyu/oh-my-opencode;35513;2025-12-02;2026-02-28;0.24;TypeScript;606;146;1131;954;0.8435;0
alvarotrigo/fullPage.js;35485;2013-09-20;2026-02-28;12.44;JavaScript;326;108;4151;4041;0.9735;0
amruthpillai/reactive-resume;35476;2020-03-25;2026-02-28;5.93;TypeScript;725;109;1834;1793;0.9776;0
umami-software/umami;35447;2020-07-17;2026-02-28;5.62;TypeScript;867;106;2068;1970;0.9526;0
XTLS/Xray-core;35434;2020-11-09;2026-02-28;5.30;Go;1201;106;2772;2750;0.9921;0
xyflow/xyflow;35397;2019-07-15;2026-02-28;6.63;TypeScript;1468;369;2366;2274;0.9611;0
ueberdosis/tiptap;35364;2018-08-20;2026-02-28;7.53;TypeScript;1503;950;3515;2713;0.7718;0
nativefier/nativefier;35356;2015-07-05;2026-02-28;10.65;TypeScript;261;99;1237;982;0.7939;0
vadimdemedes/ink;35274;2017-06-12;2026-02-28;8.72;TypeScript;286;72;409;392;0.9584;0
solidjs/solid;35240;2018-04-24;2026-02-28;7.85;TypeScript;395;35;1121;1012;0.9028;0
sahat/hackathon-starter;35212;2013-11-13;2026-02-28;12.29;JavaScript;442;18;717;716;0.9986;0
unknwon/the-way-to-go_ZH_CN;35166;2013-03-24;2026-02-28;12.93;Go;592;0;0;0;0;0
hashicorp/vault;35129;2015-02-24;2026-02-28;11.01;Go;21322;174;6499;5288;0.8137;0
bumptech/glide;35031;2013-07-08;2026-02-28;12.64;Java;605;54;4517;3935;0.8712;0
jax-ml/jax;34969;2018-10-25;2026-02-28;7.35;Python;17658;133;6869;5190;0.7556;0
geekan/HowToLiveLonger;34943;2022-04-16;2026-02-28;3.87;(não detectada);14;0;140;103;0.7357;0
DioxusLabs/dioxus;34931;2021-01-14;2026-02-28;5.12;Rust;1969;33;2441;1849;0.7575;0
sorrycc/awesome-javascript;34922;2014-07-01;2026-02-28;11.66;(não detectada);404;0;92;88;0.9565;1
zsh-users/zsh-autosuggestions;34922;2013-10-26;2026-02-28;12.34;Shell;116;0;620;458;0.7387;1
pbatard/rufus;34891;2011-11-19;2026-02-28;14.28;C;1;88;2623;2614;0.9966;0
netty/netty;34830;2010-11-09;2026-02-28;15.31;Java;5045;0;6846;6276;0.9167;1
LizardByte/Sunshine;34826;2021-12-15;2026-02-28;4.20;C++;1710;45;1176;1103;0.9379;0
typicode/husky;34825;2014-06-23;2026-02-28;11.69;JavaScript;262;80;1110;1031;0.9288;0
TriliumNext/Trilium;34807;2017-05-22;2026-02-28;8.77;TypeScript;1785;347;5158;4309;0.8354;0
BVLC/caffe;34779;2013-09-12;2026-02-28;12.46;C++;1087;14;4801;3903;0.8130;0
geekcomputers/Python;34777;2011-11-30;2026-02-28;14.25;Python;2016;0;529;159;0.3006;0
fxsjy/jieba;34768;2012-09-29;2026-02-28;13.42;Python;96;9;873;231;0.2646;0
ryanhanwu/How-To-Ask-Questions-The-Smart-Way;34619;2015-03-28;2026-02-28;10.92;JavaScript;98;0;30;20;0.6667;0
RVC-Project/Retrieval-based-Voice-Conversion-WebUI;34606;2023-03-27;2026-02-28;2.93;Python;477;7;1994;1313;0.6585;0
mouredev/Hello-Python;34574;2022-08-03;2026-02-28;3.57;Python;0;0;423;404;0.9551;0
laravel/framework;34542;2013-01-10;2026-02-28;13.13;PHP;17540;911;19153;19102;0.9973;0
alan2207/bulletproof-react;34533;2021-05-30;2026-02-28;4.75;TypeScript;70;0;117;77;0.6581;0
Textualize/textual;34531;2021-04-08;2026-02-28;4.89;Python;2280;210;2348;2153;0.9170;0
xinntao/Real-ESRGAN;34459;2021-07-19;2026-02-28;4.62;Python;21;10;751;174;0.2317;0
kuchin/awesome-cto;34400;2016-12-16;2026-02-28;9.20;(não detectada);18;0;11;11;1.0000;0
jaredpalmer/formik;34384;2017-06-14;2026-02-27;8.71;TypeScript;836;200;2268;1562;0.6887;1
nodejs/node-v0.x-archive;34341;2009-05-27;2026-02-26;16.76;(não detectada);218;0;6379;6379;1.0000;2
xitu/gold-miner;34340;2015-11-04;2026-02-28;10.32;(não detectada);3563;0;5602;5591;0.9980;0
directus/directus;34320;2012-12-11;2026-02-28;13.21;TypeScript;8517;356;9729;9374;0.9635;0
python-poetry/poetry;34287;2018-02-28;2026-02-28;8.00;Python;2425;147;6316;5810;0.9199;0
schollz/croc;34259;2017-10-17;2026-02-28;8.37;Go;283;180;563;561;0.9964;0
mpv-player/mpv;34252;2012-10-13;2026-02-28;13.38;C;3772;88;10834;9861;0.9102;0
chenfei-wu/TaskMatrix;34246;2023-03-02;2026-02-28;3.00;Python;21;0;357;136;0.3810;0
danny-avila/LibreChat;34208;2023-02-11;2026-02-28;3.05;TypeScript;2857;78;4159;3922;0.9430;0
nextcloud/server;34188;2016-06-02;2026-02-28;9.74;PHP;30896;405;20829;18354;0.8812;0
pnpm/pnpm;34186;2016-01-28;2026-02-28;10.09;TypeScript;3002;1000;5273;3203;0.6074;0
testerSunshine/12306;34182;2017-05-17;2026-02-28;8.79;Python;31;1;690;466;0.6754;0
zenorocha/clipboard.js;34176;2015-09-18;2026-02-28;10.45;JavaScript;117;42;629;618;0.9825;0
gchq/CyberChef;34176;2016-11-28;2026-02-28;9.25;JavaScript;547;451;1103;661;0.5993;0
refinedev/refine;34151;2021-01-20;2026-02-28;5.11;TypeScript;4638;1000;1724;1709;0.9913;0
facebookresearch/detectron2;34140;2019-09-05;2026-02-28;6.48;Python;0;10;3569;3096;0.8675;0
hyprwm/Hyprland;34115;2022-03-16;2026-02-28;3.96;C++;2241;106;7469;7411;0.9922;0
xkcoding/spring-boot-demo;34098;2017-11-10;2026-02-28;8.30;Java;15;0;173;73;0.4220;0
TheAlgorithms/JavaScript;34079;2017-07-13;2026-02-28;8.63;JavaScript;798;0;223;202;0.9058;0
SeleniumHQ/selenium;34055;2013-01-14;2026-02-28;13.12;Java;3629;114;11127;11008;0.9893;0
atlassian/react-beautiful-dnd;34048;2017-08-09;2026-02-28;8.56;JavaScript;531;68;1619;1047;0.6467;0
anoma/anoma;34041;2021-02-02;2026-02-28;5.07;Elixir;897;12;713;630;0.8836;0
microsoft/Data-Science-For-Beginners;34039;2021-03-03;2026-02-28;4.99;Jupyter Notebook;449;0;134;134;1.0000;0
google/langextract;33991;2025-07-08;2026-02-28;0.64;Python;78;12;180;92;0.5111;0
qishibo/AnotherRedisDesktopManager;33962;2019-01-08;2026-02-28;7.14;JavaScript;152;53;1100;936;0.8509;0
ashishps1/awesome-system-design-resources;33938;2023-10-24;2026-02-28;2.35;Java;3;0;30;26;0.8667;0
ehang-io/nps;33934;2018-11-04;2026-02-27;7.32;Go;74;59;1204;697;0.5789;1
google-ai-edge/mediapipe;33916;2019-06-13;2026-02-28;6.71;C++;201;64;5614;5177;0.9222;0
TheAlgorithms/C-Plus-Plus;33896;2016-07-16;2026-02-28;9.62;C++;705;0;331;323;0.9758;0
zxing/zxing;33870;2011-10-12;2026-02-27;14.38;Java;345;32;1340;1336;0.9970;1
ajeetdsouza/zoxide;33859;2020-03-05;2026-02-28;5.99;Rust;243;37;719;599;0.8331;0
GorvGoyl/Clone-Wars;33838;2020-12-02;2026-02-28;5.24;(não detectada);130;0;86;70;0.8140;0
harness/harness;33829;2014-02-07;2026-02-28;12.06;Go;1053;55;2017;1937;0.9603;0
CMU-Perceptual-Computing-Lab/openpose;33810;2017-04-24;2026-02-28;8.85;C++;174;15;2006;1667;0.8310;0
halfrost/LeetCode-Go;33807;2017-07-17;2026-02-28;8.62;Go;178;4;82;64;0.7805;0
Pythagora-io/gpt-pilot;33805;2023-08-16;2026-02-28;2.54;Python;396;0;553;314;0.5678;0
alibaba/easyexcel;33758;2018-02-06;2026-02-28;8.06;Java;190;14;3620;3131;0.8649;1
jqlang/jq;33746;2012-07-18;2026-02-28;13.62;C;671;15;2320;1959;0.8444;0
1Panel-dev/1Panel;33735;2022-07-19;2026-02-28;3.61;Go;4665;108;6280;5867;0.9342;0
Blankj/AndroidUtilCode;33710;2016-07-30;2026-02-27;9.58;Java;88;117;1595;1283;0.8044;1
anthropics/claude-cookbooks;33698;2023-08-15;2026-02-28;2.54;Jupyter Notebook;145;0;123;108;0.8780;0
AFNetworking/AFNetworking;33691;2011-05-31;2026-02-28;14.75;Objective-C;710;40;0;0;0;0
lllyasviel/ControlNet;33670;2023-01-31;2026-02-28;3.08;Python;5;0;574;138;0.2404;0
carbon-language/carbon-lang;33636;2020-04-27;2026-02-28;5.84;C++;5015;601;791;613;0.7750;0
ZuodaoTech/everyone-can-use-english;33634;2019-03-15;2026-02-28;6.96;TypeScript;462;48;470;376;0.8000;0
shadowsocks/shadowsocks;33627;2012-04-20;2026-02-27;13.86;Python;70;2;0;0;0;1
filebrowser/filebrowser;33598;2015-09-11;2026-02-28;10.47;Go;761;128;2891;2864;0.9907;0
XX-net/XX-Net;33442;2015-01-15;2026-02-28;11.12;Python;363;390;13338;5417;0.4061;0
lib-pku/libpku;33332;2018-11-22;2026-02-28;7.27;TeX;22;0;43;32;0.7442;0
sxyazi/yazi;33294;2023-07-08;2026-02-28;2.65;Rust;1124;30;1693;1648;0.9734;0
IceWhaleTech/CasaOS;33292;2021-09-25;2026-02-28;4.43;Go;275;97;1676;895;0.5340;0
v2fly/v2ray-core;33287;2019-04-15;2026-02-28;6.88;Go;976;121;1074;1051;0.9786;0
asgeirtj/system_prompts_leaks;33271;2025-05-02;2026-02-28;0.83;HTML;20;0;0;0;0;0
bayandin/awesome-awesomeness;33255;2014-07-08;2026-02-28;11.65;Ruby;197;0;69;52;0.7536;0
explosion/spaCy;33254;2014-07-03;2026-02-28;11.66;Python;3597;133;5743;5585;0.9725;0
swc-project/swc;33250;2017-12-22;2026-02-28;8.19;Rust;5876;777;4109;3736;0.9092;0
balena-io/etcher;33198;2015-10-27;2026-02-28;10.34;TypeScript;1731;289;2461;1850;0.7517;0
pcottle/learnGitBranching;33176;2012-08-13;2026-02-28;13.54;JavaScript;648;0;530;477;0.9000;0
bilibili/ijkplayer;33122;2013-06-03;2026-02-27;12.74;C;35;0;5384;2547;0.4731;1
adobe/brackets;33104;2011-12-07;2026-02-27;14.23;JavaScript;4332;69;9683;7066;0.7297;1
immutable-js/immutable-js;33096;2014-07-02;2026-02-28;11.66;TypeScript;619;90;1266;1171;0.9250;0
keycloak/keycloak;33066;2013-07-02;2026-02-28;12.66;Java;19173;101;17486;15223;0.8706;0
mckaywrigley/chatbot-ui;33054;2023-03-11;2026-02-28;2.97;TypeScript;281;0;1002;817;0.8154;0
awesome-foss/awesome-sysadmin;33030;2014-12-23;2026-02-28;11.19;(não detectada);339;0;105;90;0.8571;0
drizzle-team/drizzle-orm;33016;2021-06-24;2026-02-28;4.68;TypeScript;659;169;3461;2230;0.6443;0
utmapp/UTM;33014;2019-04-12;2026-02-28;6.88;Swift;277;128;3581;2607;0.7280;0
gulpjs/gulp;33012;2013-07-04;2026-02-28;12.66;JavaScript;412;24;1937;1907;0.9845;0
TabbyML/tabby;32961;2023-03-16;2026-02-28;2.96;Rust;3000;249;988;753;0.7621;0
SerenityOS/serenity;32945;2018-12-02;2026-02-28;7.24;C++;19918;0;4293;3570;0.8316;0
derailed/k9s;32934;2019-01-25;2026-02-28;7.09;Go;956;257;2280;2081;0.9127;0
shadowsocks/ShadowsocksX-NG;32906;2016-06-10;2026-02-28;9.72;Swift;64;30;1360;1051;0.7728;0
wailsapp/wails;32902;2018-12-15;2026-02-28;7.21;Go;1690;291;2318;2092;0.9025;0
huggingface/diffusers;32897;2022-05-30;2026-02-28;3.75;Python;5497;88;5234;4627;0.8840;0
GyulyVGC/sniffnet;32871;2022-07-31;2026-02-28;3.58;Rust;480;16;314;267;0.8503;0
certbot/certbot;32868;2014-11-12;2026-02-28;11.30;Python;4077;68;5519;5386;0.9759;1
AdguardTeam/AdGuardHome;32816;2016-07-06;2026-02-28;9.65;Go;125;229;5916;4697;0.7939;0
ocrmypdf/OCRmyPDF;32788;2013-12-20;2026-02-28;12.19;Python;169;52;1321;1185;0.8970;0
ibraheemdev/modern-unix;32788;2021-01-11;2026-02-28;5.13;(não detectada);15;0;83;30;0.3614;0
fish-shell/fish-shell;32767;2012-05-10;2026-02-28;13.81;Rust;2192;62;8005;7517;0.9390;0
firecracker-microvm/firecracker;32725;2017-10-19;2026-02-28;8.36;Rust;3414;84;1485;1435;0.9663;0
zeromicro/go-zero;32721;2020-08-07;2026-02-28;5.56;Go;2435;149;1955;1783;0.9120;0
nothings/stb;32721;2014-05-25;2026-02-28;11.76;C;291;0;933;715;0.7663;0
backstage/backstage;32704;2020-01-24;2026-02-28;6.10;TypeScript;20299;494;7463;7168;0.9605;0
google/comprehensive-rust;32680;2022-12-21;2026-02-28;3.19;Rust;2393;0;361;243;0.6731;0
alibaba/nacos;32669;2018-06-15;2026-02-28;7.71;Java;3299;88;9467;9259;0.9780;0
khoj-ai/khoj;32668;2021-08-15;2026-02-28;4.54;Python;486;170;567;486;0.8571;0
openai/CLIP;32656;2020-12-16;2026-02-28;5.20;Jupyter Notebook;29;0;442;192;0.4344;0
qier222/YesPlayMusic;32603;2020-10-09;2026-02-28;5.39;Vue;292;32;1834;1200;0.6543;0
mli/paper-reading;32601;2021-10-22;2026-02-28;4.35;(não detectada);15;0;0;0;0;0
binarywang/WxJava;32583;2016-01-06;2026-02-28;10.15;Java;1172;31;2453;2439;0.9943;0
MonitorControl/MonitorControl;32537;2017-09-16;2026-02-28;8.45;Swift;220;26;1009;993;0.9841;0
lutzroeder/netron;32500;2010-12-26;2026-02-28;15.18;JavaScript;1;4;1253;1236;0.9864;0
restic/restic;32458;2014-04-27;2026-02-28;11.84;Go;2318;49;2910;2468;0.8481;0
floating-ui/floating-ui;32454;2016-03-29;2026-02-28;9.92;TypeScript;1205;499;1476;1443;0.9776;1
stanfordnlp/dspy;32453;2023-01-09;2026-02-28;3.14;Python;1454;106;1507;1220;0.8096;0
yewstack/yew;32445;2017-12-16;2026-02-28;8.20;Rust;1858;38;1264;1162;0.9193;0
remix-run/remix;32442;2020-10-26;2026-02-28;5.34;TypeScript;3653;357;2693;2659;0.9874;0
beego/beego;32430;2012-02-28;2026-02-28;14.00;Go;1326;42;3380;3379;0.9997;1
open-mmlab/mmdetection;32421;2018-08-22;2026-02-28;7.52;Python;2359;53;8523;6753;0.7923;0
ziadoz/awesome-php;32399;2013-11-26;2026-02-28;12.26;(não detectada);457;0;155;153;0.9871;1
cursor/cursor;32330;2023-03-11;2026-02-28;2.97;(não detectada);47;0;0;0;0;0
vercel/swr;32326;2019-10-28;2026-02-28;6.34;TypeScript;816;126;973;831;0.8541;0
chen08209/FlClash;32322;2023-08-15;2026-02-28;2.54;Dart;2;102;1603;997;0.6220;0
k3s-io/k3s;32312;2018-05-30;2026-02-28;7.75;Go;4458;953;7368;7261;0.9855;0
aquasecurity/trivy;32296;2019-04-10;2026-02-28;6.89;Go;3485;179;3026;2863;0.9461;0
glanceapp/glance;32268;2024-04-27;2026-02-28;1.84;Go;110;33;506;293;0.5791;0
lizongying/my-tv;32266;2023-12-04;2026-02-28;2.24;C;11;72;921;777;0.8436;1
google/material-design-lite;32211;2015-01-14;2026-02-28;11.12;HTML;655;14;2204;1814;0.8230;1
0xAX/linux-insides;32205;2015-01-03;2026-02-28;11.15;Python;614;0;191;163;0.8534;1
yunjey/pytorch-tutorial;32199;2017-03-10;2026-02-28;8.97;Python;28;0;180;114;0.6333;1
labstack/echo;32193;2015-03-01;2026-02-28;11.00;Go;629;116;1489;1441;0.9678;1
medusajs/medusa;32174;2020-01-18;2026-02-28;6.11;TypeScript;8402;146;3654;3582;0.9803;0
facebookresearch/fairseq;32170;2017-08-29;2026-02-28;8.50;Python;236;16;4260;3060;0.7183;0
Lissy93/web-check;32155;2023-06-25;2026-02-28;2.68;TypeScript;53;1;135;65;0.4815;0
The-Run-Philosophy-Organization/run;32149;2022-04-10;2026-02-28;3.89;(não detectada);172;0;261;216;0.8276;0
linera-io/linera-protocol;32140;2021-12-19;2026-02-28;4.20;Rust;3519;31;1418;900;0.6347;0
apache/kafka;32066;2011-08-15;2026-02-28;14.54;Java;12749;0;0;0;0;0
frappe/erpnext;31986;2011-06-08;2026-02-28;14.73;Python;28597;1000;17728;15782;0.8902;0
datalab-to/marker;31985;2023-10-30;2026-02-28;2.33;Python;228;71;647;324;0.5008;0
linexjlin/GPTs;31971;2023-11-11;2026-02-28;2.30;(não detectada);45;0;31;21;0.6774;0
cockroachdb/cockroach;31965;2014-02-05;2026-02-28;12.06;Go;72670;0;82189;75521;0.9189;0
lovell/sharp;31954;2013-08-19;2026-02-28;12.53;JavaScript;311;107;4027;3907;0.9702;0
ashishpatel26/500-AI-Machine-learning-Deep-learning-Computer-vision-NLP-Projects-with-code;31944;2021-01-02;2026-02-28;5.16;(não detectada);3;0;74;26;0.3514;0
PDFMathTranslate/PDFMathTranslate;31935;2024-09-06;2026-02-28;1.48;Python;136;24;856;732;0.8551;0
hasura/graphql-engine;31908;2018-06-18;2026-02-28;7.70;TypeScript;2110;300;6409;4164;0.6497;1
NginxProxyManager/nginx-proxy-manager;31885;2017-12-20;2026-02-28;8.19;TypeScript;678;86;3180;2343;0.7368;0
dokku/dokku;31881;2013-06-08;2026-02-28;12.73;Shell;4492;317;2844;2817;0.9905;0
Trinea/android-open-project;31839;2014-01-05;2026-02-28;12.15;(não detectada);204;0;87;75;0.8621;0
PostHog/posthog;31823;2020-01-23;2026-02-28;6.10;Python;34069;80;9054;6351;0.7015;0
Chanzhaoyu/chatgpt-web;31820;2023-02-09;2026-02-28;3.05;Vue;159;43;1746;1746;1.0000;1
nicolargo/glances;31814;2011-12-04;2026-02-28;14.24;Python;771;55;2156;2029;0.9411;0
niklasvh/html2canvas;31798;2011-07-15;2026-02-28;14.63;TypeScript;186;45;2633;1664;0.6320;0
thedotmack/claude-mem;31764;2025-08-31;2026-02-28;0.50;TypeScript;211;209;648;618;0.9537;0
microsoft/MS-DOS;31763;2018-06-25;2026-02-28;7.68;Assembly;37;0;0;0;0;0
casey/just;31717;2016-06-17;2026-02-28;9.70;Rust;1370;131;1350;1004;0.7437;0
amix/vimrc;31711;2012-05-29;2026-02-28;13.75;Vim Script;107;0;523;510;0.9751;0
valinet/ExplorerPatcher;31709;2021-08-09;2026-02-28;4.56;C;19;296;2658;2355;0.8860;0
airbnb/lottie-web;31706;2015-02-20;2026-02-28;11.02;JavaScript;136;0;2908;2128;0.7318;0
ReactiveX/rxjs;31649;2015-03-15;2026-02-28;10.96;TypeScript;2588;2;3165;2942;0.9295;1
vbenjs/vue-vben-admin;31622;2020-07-10;2026-02-28;5.64;Vue;1745;61;3892;3811;0.9792;0
shardeum/shardeum;31575;2024-04-16;2026-02-28;1.87;TypeScript;326;0;40;34;0.8500;0
facebook/rocksdb;31574;2012-11-30;2026-02-28;13.25;C++;619;212;3498;2650;0.7576;0
continuedev/continue;31571;2023-05-24;2026-02-28;2.77;TypeScript;3871;801;5427;4493;0.8279;0
ianstormtaylor/slate;31571;2016-06-17;2026-02-28;9.70;TypeScript;1978;210;3228;2547;0.7890;0
codex-team/editor.js;31564;2015-11-28;2026-02-28;10.25;TypeScript;869;106;1540;937;0.6084;0
kovidgoyal/kitty;31557;2016-10-16;2026-02-28;9.37;Python;1235;132;6647;6635;0.9982;0
numpy/numpy;31537;2010-09-13;2026-02-28;15.46;Python;13892;139;13812;11718;0.8484;0
kubernetes/minikube;31531;2016-04-15;2026-02-28;9.87;Go;9386;154;10448;9929;0.9503;0
block/goose;31506;2024-08-23;2026-02-28;1.52;Rust;4249;118;1782;1504;0.8440;0
conductor-oss/conductor;31475;2023-12-08;2026-02-28;2.23;Java;329;32;238;142;0.5966;0
tinygrad/tinygrad;31464;2020-10-18;2026-02-28;5.36;Python;10449;14;1083;959;0.8855;0
OWASP/CheatSheetSeries;31443;2018-12-21;2026-02-28;7.19;Python;1194;0;625;576;0.9216;0
surrealdb/surrealdb;31386;2021-12-09;2026-02-28;4.22;Rust;2586;119;2358;1777;0.7536;0
coolsnowwolf/lede;31337;2017-09-06;2026-02-28;8.48;C;2051;7;9322;8506;0.9125;0
influxdata/influxdb;31326;2013-09-26;2026-02-28;12.42;Rust;10937;95;14167;12117;0.8553;0
tokio-rs/tokio;31297;2016-09-09;2026-02-28;9.47;Rust;3799;140;2615;2290;0.8757;0
OpenBMB/ChatDev;31287;2023-08-27;2026-02-28;2.51;Python;136;11;302;269;0.8907;0
raysan5/raylib;31272;2013-10-24;2026-02-28;12.35;C;2433;24;2124;2124;1.0000;0
alpinejs/alpine;31247;2019-11-28;2026-02-28;6.25;HTML;694;146;613;613;1.0000;0
mathiasbynens/dotfiles;31243;2011-09-05;2026-02-28;14.48;Shell;44;0;393;255;0.6489;0
microsoft/WSL;31206;2016-04-06;2026-02-28;9.90;C++;512;97;12062;11139;0.9235;0
donnemartin/interactive-coding-challenges;31203;2015-04-28;2026-02-28;10.84;Python;176;0;69;32;0.4638;0
parallax/jsPDF;31154;2009-12-06;2026-02-28;16.23;JavaScript;751;41;2586;2482;0.9598;0
microsoft/graphrag;31136;2024-03-27;2026-02-28;1.92;Python;718;35;798;772;0.9674;0
mqyqingfeng/Blog;31106;2017-03-13;2026-02-28;8.96;(não detectada);3;0;398;101;0.2538;0
motiondivision/motion;31099;2018-11-16;2026-02-28;7.29;TypeScript;1162;0;1914;1701;0.8887;0
Dokploy/dokploy;31053;2024-04-19;2026-02-28;1.86;TypeScript;1312;145;1632;1236;0.7574;0
SortableJS/Sortable;31020;2013-12-19;2026-02-28;12.20;JavaScript;248;31;1825;1345;0.7370;0
DevToys-app/DevToys;31015;2021-09-28;2026-02-28;4.42;C#;501;39;977;663;0.6786;0
docsifyjs/docsify;31014;2016-11-20;2026-02-28;9.27;JavaScript;779;16;1311;1229;0.9375;0
MHSanaei/3x-ui;30998;2023-02-09;2026-02-28;3.05;HTML;636;101;2675;2273;0.8497;0
tqdm/tqdm;30982;2015-06-03;2026-02-28;10.74;Python;289;133;1038;594;0.5723;1
fabricjs/fabric.js;30962;2010-06-09;2026-02-28;15.72;TypeScript;2424;181;6205;5778;0.9312;0
symfony/symfony;30958;2010-01-04;2026-02-28;16.15;PHP;25531;600;21757;21378;0.9826;0
TauricResearch/TradingAgents;30957;2024-12-28;2026-02-28;1.17;Python;19;1;193;33;0.1710;0
SagerNet/sing-box;30951;2022-06-30;2026-02-28;3.67;Go;190;495;2937;2775;0.9448;0
OAI/OpenAPI-Specification;30921;2014-03-03;2026-02-28;11.99;Markdown;1793;14;2410;2306;0.9568;0
iawia002/lux;30918;2018-02-24;2026-02-28;8.01;Go;304;86;1073;548;0.5107;0
pear-devs/pear-desktop;30913;2019-04-19;2026-02-28;6.86;TypeScript;1629;87;1953;1377;0.7051;0
eriklindernoren/ML-From-Scratch;30909;2017-02-05;2026-02-28;9.06;Python;9;0;78;37;0.4744;0
Lightning-AI/pytorch-lightning;30874;2019-03-30;2026-02-28;6.92;Python;9332;172;7495;6660;0.8886;0
patchy631/ai-engineering-hub;30870;2024-10-21;2026-02-28;1.36;Jupyter Notebook;62;0;44;14;0.3182;0
ascoders/weekly;30869;2017-03-20;2026-02-28;8.95;JavaScript;136;193;369;366;0.9919;0
microsoft/calculator;30861;2019-01-28;2026-02-28;7.09;C++;913;0;1146;728;0.6353;1
containers/podman;30836;2017-11-01;2026-02-28;8.33;Go;12187;236;10450;9541;0.9130;0
alibaba/p3c;30827;2017-06-23;2026-02-28;8.69;Kotlin;62;0;859;698;0.8126;0
blueimp/jQuery-File-Upload;30814;2010-12-01;2026-02-26;15.24;PHP;119;0;3305;3256;0.9852;2
webtorrent/webtorrent;30807;2013-10-15;2026-02-27;12.37;JavaScript;970;229;1675;1607;0.9594;1
AMAI-GmbH/AI-Expert-Roadmap;30767;2020-10-24;2026-02-28;5.35;JavaScript;14;0;70;54;0.7714;0
XIU2/TrackersListCollection;30687;2019-10-03;2026-02-28;6.41;(não detectada);7;0;0;0;0;0
transloadit/uppy;30663;2015-11-16;2026-02-28;10.29;TypeScript;3273;392;2519;2350;0.9329;1
ityouknow/spring-boot-examples;30647;2016-11-05;2026-02-28;9.32;Java;7;0;109;99;0.9083;0
anthropics/prompt-eng-interactive-tutorial;30645;2024-04-02;2026-02-28;1.91;Jupyter Notebook;1;0;32;4;0.1250;0
seaweedfs/seaweedfs;30645;2014-07-14;2026-02-28;11.63;Go;3640;288;3522;2898;0.8228;0
aristocratos/btop;30620;2021-05-06;2026-02-28;4.82;C++;371;54;902;481;0.5333;0
mantinedev/mantine;30618;2021-01-07;2026-02-28;5.14;TypeScript;1591;290;3446;3417;0.9916;0
iperov/DeepFaceLive;30565;2020-12-15;2026-02-28;5.21;Python;13;35;144;143;0.9931;0
refined-github/refined-github;30561;2016-02-15;2026-02-28;10.04;TypeScript;3590;185;4687;4598;0.9810;0
s0md3v/roop;30542;2023-05-28;2026-02-28;2.76;Python;82;6;0;0;0;0
blakeblackshear/frigate;30540;2019-01-26;2026-02-28;7.09;TypeScript;3710;81;5873;5783;0.9847;0
layui/layui;30538;2015-09-22;2026-02-28;10.44;JavaScript;666;171;1451;1371;0.9449;1
dgtlmoon/changedetection.io;30391;2021-01-27;2026-02-28;5.09;Python;1044;201;1611;1317;0.8175;0
sequelize/sequelize;30344;2010-07-22;2026-02-28;15.61;TypeScript;5019;489;10422;9520;0.9135;1
VincentGarreau/particles.js;30343;2014-09-06;2026-02-27;11.48;JavaScript;21;6;412;107;0.2597;1
chinabugotech/hutool;30334;2014-04-13;2026-02-28;11.88;Java;514;156;3090;3088;0.9994;0
trailofbits/algo;30317;2016-05-15;2026-02-28;9.79;Python;685;4;1650;1584;0.9600;0
VSCodium/vscodium;30299;2018-08-13;2026-02-28;7.55;Shell;623;263;1636;1501;0.9175;0
herrbischoff/awesome-macos-command-line;30297;2015-09-22;2026-02-28;10.44;(não detectada);104;0;0;0;0;0
pmndrs/react-three-fiber;30291;2019-02-25;2026-02-28;7.01;TypeScript;689;131;1171;1166;0.9957;0
Binaryify/NeteaseCloudMusicApi;30289;2016-06-22;2026-02-28;9.69;(não detectada);292;0;1336;1189;0.8900;1
ValveSoftware/Proton;30276;2018-03-13;2026-02-28;7.96;C++;13;76;9015;4045;0.4487;0
tatsu-lab/stanford_alpaca;30271;2023-03-10;2026-02-28;2.97;Python;6;0;268;98;0.3657;0
facebook/folly;30263;2012-06-01;2026-02-28;13.74;C++;13;279;1248;943;0.7556;1
joshbuchea/HEAD;30241;2016-04-20;2026-02-26;9.86;(não detectada);87;0;93;73;0.7849;2
jobbole/awesome-python-cn;30229;2015-11-03;2026-02-28;10.32;Makefile;51;0;33;18;0.5455;0
cfenollosa/os-tutorial;30194;2014-09-29;2026-02-28;11.42;C;11;0;182;106;0.5824;0
AvaloniaUI/Avalonia;30142;2013-12-05;2026-02-28;12.23;C#;5630;119;8303;6468;0.7790;0
cheeriojs/cheerio;30134;2011-10-09;2026-02-28;14.39;TypeScript;3113;62;1231;1210;0.9829;0
spf13/viper;30127;2014-04-02;2026-02-28;11.91;Go;520;35;931;923;0.9914;0
openai/openai-python;30107;2020-10-25;2026-02-28;5.34;Python;1051;367;1198;1041;0.8689;0
dragonflydb/dragonfly;30083;2021-12-11;2026-02-28;4.22;C++;3954;114;2102;1842;0.8763;0
waydabber/BetterDisplay;30015;2021-10-24;2026-02-28;4.35;(não detectada);2;118;2977;2806;0.9426;0
grafana/k6;30011;2016-03-21;2026-02-28;9.94;Go;2456;85;2562;1834;0.7158;0
sunface/rust-course;30000;2018-08-07;2026-02-28;7.56;Rust;811;0;219;154;0.7032;0
telegramdesktop/tdesktop;29996;2014-05-02;2026-02-28;11.83;C++;1838;827;15746;14855;0.9434;0
jumpserver/jumpserver;29956;2014-07-04;2026-02-28;11.66;Python;7864;263;7638;7578;0.9921;0
xuxueli/xxl-job;29933;2015-11-28;2026-02-28;10.25;Java;124;42;3337;3164;0.9482;0
songquanpeng/one-api;29927;2023-04-22;2026-02-28;2.86;JavaScript;287;55;1796;896;0.4989;0
StevenBlack/hosts;29911;2012-04-12;2026-02-28;13.88;Python;506;832;2202;2072;0.9410;0
encode/django-rest-framework;29908;2011-03-02;2026-02-28;15.00;Python;3101;21;3946;3906;0.9899;0
square/leakcanary;29904;2015-04-29;2026-02-28;10.84;Kotlin;932;43;1655;1514;0.9148;0
vercel/turborepo;29901;2021-10-05;2026-02-28;4.40;Rust;7081;662;2048;1926;0.9404;0
AllThingsSmitty/css-protips;29885;2015-08-29;2026-02-28;10.50;(não detectada);73;0;63;62;0.9841;0
kingToolbox/WindTerm;29873;2019-10-09;2026-02-28;6.39;C;1;32;2911;585;0.2010;0
ageron/handson-ml2;29872;2019-01-08;2026-02-28;7.14;Jupyter Notebook;65;0;518;304;0.5869;0
google-research/tuning_playbook;29868;2023-01-18;2026-02-28;3.11;(não detectada);14;0;45;34;0.7556;0
GoogleChrome/lighthouse;29867;2016-03-07;2026-02-28;9.98;JavaScript;5561;130;9257;8769;0.9473;0
apolloconfig/apollo;29774;2016-03-04;2026-02-28;9.99;Java;1498;42;3396;3258;0.9594;0
foundation/foundation-sites;29762;2011-10-13;2026-02-27;14.38;HTML;2958;79;8240;8179;0.9926;1
hashicorp/consul;29760;2013-11-04;2026-02-27;12.32;Go;14139;256;5578;4284;0.7680;1
JushBJJ/Mr.-Ranedeer-AI-Tutor;29694;2023-03-31;2026-02-28;2.92;(não detectada);0;3;48;34;0.7083;0
wshobson/agents;29685;2025-07-24;2026-02-28;0.60;Python;53;0;54;53;0.9815;0
iced-rs/iced;29670;2019-07-15;2026-02-28;6.63;Rust;1158;18;1306;960;0.7351;0
openssl/openssl;29649;2013-01-15;2026-02-28;13.12;C;145;297;11156;9955;0.8923;0
vuejs/vue-cli;29639;2015-12-26;2026-02-26;10.18;JavaScript;1259;178;5501;4564;0.8297;2
sampotts/plyr;29617;2015-02-14;2026-02-28;11.04;JavaScript;393;93;2116;1225;0.5789;0
alibaba/canal;29615;2013-01-13;2026-02-28;13.13;Java;479;32;4785;3614;0.7553;0
nvim-lua/kickstart.nvim;29612;2022-06-24;2026-02-28;3.68;Lua;265;0;664;633;0.9533;0
aosabook/500lines;29600;2013-11-04;2026-02-28;12.32;JavaScript;175;0;70;41;0.5857;0
qarmin/czkawka;29567;2020-09-01;2026-02-28;5.49;Rust;468;40;1106;692;0.6257;0
helm/helm;29559;2015-10-05;2026-02-28;10.40;Go;4436;237;8358;8094;0.9684;0
react-boilerplate/react-boilerplate;29546;2015-02-18;2026-02-28;11.03;JavaScript;715;16;1909;1823;0.9550;0
nginx/nginx;29539;2015-06-23;2026-02-28;10.69;C;155;14;472;250;0.5297;0
realpython/python-guide;29526;2011-03-15;2026-02-28;14.96;Batchfile;683;0;281;181;0.6441;0
elsewhencode/project-guidelines;29519;2017-06-30;2026-02-28;8.67;JavaScript;114;0;39;29;0.7436;0
bigint/hey;29504;2022-03-19;2026-02-28;3.95;TypeScript;3793;0;0;0;0;0
filamentphp/filament;29502;2020-03-18;2026-02-28;5.95;PHP;5778;817;3312;3293;0.9943;0
