scenario_id;scenario_name;treatment;trial;execution_order;elapsed_ms;response_bytes;checksum
Q1;Lista de repositorios;GraphQL;1;726;0.111300;2552;-230862105
Q1;Lista de repositorios;GraphQL;2;2;0.149100;2552;-230862105
Q1;Lista de repositorios;GraphQL;3;463;0.160300;2552;-230862105
Q1;Lista de repositorios;GraphQL;4;561;0.115100;2552;-230862105
Q1;Lista de repositorios;GraphQL;5;791;0.125500;2552;-230862105
Q1;Lista de repositorios;GraphQL;6;569;0.172900;2552;-230862105
Q1;Lista de repositorios;GraphQL;7;158;0.109700;2552;-230862105
Q1;Lista de repositorios;GraphQL;8;1134;0.188400;2552;-230862105
Q1;Lista de repositorios;GraphQL;9;187;0.139600;2552;-230862105
Q1;Lista de repositorios;GraphQL;10;202;0.220200;2552;-230862105
Q1;Lista de repositorios;GraphQL;11;1140;0.188700;2552;-230862105
Q1;Lista de repositorios;GraphQL;12;612;0.124100;2552;-230862105
Q1;Lista de repositorios;GraphQL;13;1176;0.149900;2552;-230862105
Q1;Lista de repositorios;GraphQL;14;281;0.133100;2552;-230862105
Q1;Lista de repositorios;GraphQL;15;1158;0.210800;2552;-230862105
Q1;Lista de repositorios;GraphQL;16;325;0.209600;2552;-230862105
Q1;Lista de repositorios;GraphQL;17;911;0.129400;2552;-230862105
Q1;Lista de repositorios;GraphQL;18;402;0.175100;2552;-230862105
Q1;Lista de repositorios;GraphQL;19;6;0.148100;2552;-230862105
Q1;Lista de repositorios;GraphQL;20;355;0.152200;2552;-230862105
Q1;Lista de repositorios;GraphQL;21;837;0.122300;2552;-230862105
Q1;Lista de repositorios;GraphQL;22;967;0.137700;2552;-230862105
Q1;Lista de repositorios;GraphQL;23;628;0.114500;2552;-230862105
Q1;Lista de repositorios;GraphQL;24;213;0.166100;2552;-230862105
Q1;Lista de repositorios;GraphQL;25;557;0.124200;2552;-230862105
Q1;Lista de repositorios;GraphQL;26;1077;0.132500;2552;-230862105
Q1;Lista de repositorios;GraphQL;27;214;0.133500;2552;-230862105
Q1;Lista de repositorios;GraphQL;28;538;0.115000;2552;-230862105
Q1;Lista de repositorios;GraphQL;29;1166;0.135900;2552;-230862105
Q1;Lista de repositorios;GraphQL;30;1163;0.178400;2552;-230862105
Q1;Lista de repositorios;GraphQL;31;1149;0.176800;2552;-230862105
Q1;Lista de repositorios;GraphQL;32;725;0.111500;2552;-230862105
Q1;Lista de repositorios;GraphQL;33;941;0.124600;2552;-230862105
Q1;Lista de repositorios;GraphQL;34;9;0.199300;2552;-230862105
Q1;Lista de repositorios;GraphQL;35;512;0.117600;2552;-230862105
Q1;Lista de repositorios;GraphQL;36;623;0.216500;2552;-230862105
Q1;Lista de repositorios;GraphQL;37;958;0.199400;2552;-230862105
Q1;Lista de repositorios;GraphQL;38;638;0.141200;2552;-230862105
Q1;Lista de repositorios;GraphQL;39;57;0.132300;2552;-230862105
Q1;Lista de repositorios;GraphQL;40;839;0.120600;2552;-230862105
Q1;Lista de repositorios;GraphQL;41;524;0.183400;2552;-230862105
Q1;Lista de repositorios;GraphQL;42;300;0.207400;2552;-230862105
Q1;Lista de repositorios;GraphQL;43;878;0.125800;2552;-230862105
Q1;Lista de repositorios;GraphQL;44;627;0.141900;2552;-230862105
Q1;Lista de repositorios;GraphQL;45;518;0.114100;2552;-230862105
Q1;Lista de repositorios;GraphQL;46;1147;0.200100;2552;-230862105
Q1;Lista de repositorios;GraphQL;47;93;0.189100;2552;-230862105
Q1;Lista de repositorios;GraphQL;48;848;0.198100;2552;-230862105
Q1;Lista de repositorios;GraphQL;49;215;0.145900;2552;-230862105
Q1;Lista de repositorios;GraphQL;50;1189;0.125100;2552;-230862105
Q1;Lista de repositorios;GraphQL;51;879;0.114400;2552;-230862105
Q1;Lista de repositorios;GraphQL;52;76;0.139000;2552;-230862105
Q1;Lista de repositorios;GraphQL;53;37;0.130200;2552;-230862105
Q1;Lista de repositorios;GraphQL;54;438;0.154000;2552;-230862105
Q1;Lista de repositorios;GraphQL;55;218;0.140700;2552;-230862105
Q1;Lista de repositorios;GraphQL;56;537;0.126300;2552;-230862105
Q1;Lista de repositorios;GraphQL;57;246;0.181600;2552;-230862105
Q1;Lista de repositorios;GraphQL;58;577;0.127700;2552;-230862105
Q1;Lista de repositorios;GraphQL;59;963;0.129000;2552;-230862105
Q1;Lista de repositorios;GraphQL;60;212;0.148700;2552;-230862105
Q1;Lista de repositorios;GraphQL;61;26;0.131700;2552;-230862105
Q1;Lista de repositorios;GraphQL;62;718;0.126100;2552;-230862105
Q1;Lista de repositorios;GraphQL;63;307;0.129800;2552;-230862105
Q1;Lista de repositorios;GraphQL;64;494;0.126400;2552;-230862105
Q1;Lista de repositorios;GraphQL;65;937;0.237800;2552;-230862105
Q1;Lista de repositorios;GraphQL;66;673;0.150100;2552;-230862105
Q1;Lista de repositorios;GraphQL;67;254;0.116000;2552;-230862105
Q1;Lista de repositorios;GraphQL;68;1061;0.124000;2552;-230862105
Q1;Lista de repositorios;GraphQL;69;777;0.132900;2552;-230862105
Q1;Lista de repositorios;GraphQL;70;587;0.140700;2552;-230862105
Q1;Lista de repositorios;GraphQL;71;520;0.115300;2552;-230862105
Q1;Lista de repositorios;GraphQL;72;760;0.110400;2552;-230862105
Q1;Lista de repositorios;GraphQL;73;183;0.115700;2552;-230862105
Q1;Lista de repositorios;GraphQL;74;759;0.121100;2552;-230862105
Q1;Lista de repositorios;GraphQL;75;1003;0.219000;2552;-230862105
Q1;Lista de repositorios;GraphQL;76;802;0.112100;2552;-230862105
Q1;Lista de repositorios;GraphQL;77;428;0.156100;2552;-230862105
Q1;Lista de repositorios;GraphQL;78;532;0.119500;2552;-230862105
Q1;Lista de repositorios;GraphQL;79;1018;0.203200;2552;-230862105
Q1;Lista de repositorios;GraphQL;80;439;0.136000;2552;-230862105
Q1;Lista de repositorios;GraphQL;81;188;0.107900;2552;-230862105
Q1;Lista de repositorios;GraphQL;82;232;0.118400;2552;-230862105
Q1;Lista de repositorios;GraphQL;83;176;0.144300;2552;-230862105
Q1;Lista de repositorios;GraphQL;84;478;0.126300;2552;-230862105
Q1;Lista de repositorios;GraphQL;85;287;0.112100;2552;-230862105
Q1;Lista de repositorios;GraphQL;86;801;0.172800;2552;-230862105
Q1;Lista de repositorios;GraphQL;87;299;0.239900;2552;-230862105
Q1;Lista de repositorios;GraphQL;88;296;0.141100;2552;-230862105
Q1;Lista de repositorios;GraphQL;89;297;0.122300;2552;-230862105
Q1;Lista de repositorios;GraphQL;90;683;0.176800;2552;-230862105
Q1;Lista de repositorios;GraphQL;91;863;0.178700;2552;-230862105
Q1;Lista de repositorios;GraphQL;92;1085;0.114300;2552;-230862105
Q1;Lista de repositorios;GraphQL;93;813;0.119900;2552;-230862105
Q1;Lista de repositorios;GraphQL;94;144;0.114200;2552;-230862105
Q1;Lista de repositorios;GraphQL;95;192;0.235500;2552;-230862105
Q1;Lista de repositorios;GraphQL;96;527;0.175900;2552;-230862105
Q1;Lista de repositorios;GraphQL;97;969;0.130800;2552;-230862105
Q1;Lista de repositorios;GraphQL;98;5;0.166800;2552;-230862105
Q1;Lista de repositorios;GraphQL;99;931;0.128300;2552;-230862105
Q1;Lista de repositorios;GraphQL;100;571;0.115900;2552;-230862105
Q1;Lista de repositorios;GraphQL;101;328;0.107200;2552;-230862105
Q1;Lista de repositorios;GraphQL;102;685;0.113400;2552;-230862105
Q1;Lista de repositorios;GraphQL;103;723;0.117500;2552;-230862105
Q1;Lista de repositorios;GraphQL;104;353;0.172100;2552;-230862105
Q1;Lista de repositorios;GraphQL;105;196;0.112600;2552;-230862105
Q1;Lista de repositorios;GraphQL;106;742;0.161900;2552;-230862105
Q1;Lista de repositorios;GraphQL;107;872;0.128300;2552;-230862105
Q1;Lista de repositorios;GraphQL;108;1082;0.126600;2552;-230862105
Q1;Lista de repositorios;GraphQL;109;75;0.123800;2552;-230862105
Q1;Lista de repositorios;GraphQL;110;172;0.108200;2552;-230862105
Q1;Lista de repositorios;GraphQL;111;896;0.128600;2552;-230862105
Q1;Lista de repositorios;GraphQL;112;294;0.260000;2552;-230862105
Q1;Lista de repositorios;GraphQL;113;433;0.169100;2552;-230862105
Q1;Lista de repositorios;GraphQL;114;844;0.189300;2552;-230862105
Q1;Lista de repositorios;GraphQL;115;820;0.166300;2552;-230862105
Q1;Lista de repositorios;GraphQL;116;119;0.117500;2552;-230862105
Q1;Lista de repositorios;GraphQL;117;1087;0.127900;2552;-230862105
Q1;Lista de repositorios;GraphQL;118;271;0.118600;2552;-230862105
Q1;Lista de repositorios;GraphQL;119;846;0.199900;2552;-230862105
Q1;Lista de repositorios;GraphQL;120;274;0.132000;2552;-230862105
Q1;Lista de repositorios;REST;1;624;0.568800;21239;344598052
Q1;Lista de repositorios;REST;2;260;0.621900;21239;344598052
Q1;Lista de repositorios;REST;3;41;0.575100;21239;344598052
Q1;Lista de repositorios;REST;4;138;0.550900;21239;344598052
Q1;Lista de repositorios;REST;5;471;0.549000;21239;344598052
Q1;Lista de repositorios;REST;6;755;0.664100;21239;344598052
Q1;Lista de repositorios;REST;7;81;0.616500;21239;344598052
Q1;Lista de repositorios;REST;8;1019;0.740700;21239;344598052
Q1;Lista de repositorios;REST;9;610;0.547800;21239;344598052
Q1;Lista de repositorios;REST;10;997;0.708900;21239;344598052
Q1;Lista de repositorios;REST;11;421;0.529000;21239;344598052
Q1;Lista de repositorios;REST;12;773;0.673100;21239;344598052
Q1;Lista de repositorios;REST;13;981;1.450000;21239;344598052
Q1;Lista de repositorios;REST;14;1047;0.564700;21239;344598052
Q1;Lista de repositorios;REST;15;787;0.553700;21239;344598052
Q1;Lista de repositorios;REST;16;630;0.556000;21239;344598052
Q1;Lista de repositorios;REST;17;217;0.561300;21239;344598052
Q1;Lista de repositorios;REST;18;440;0.728700;21239;344598052
Q1;Lista de repositorios;REST;19;25;0.548900;21239;344598052
Q1;Lista de repositorios;REST;20;1114;0.575600;21239;344598052
Q1;Lista de repositorios;REST;21;273;0.623900;21239;344598052
Q1;Lista de repositorios;REST;22;721;0.558100;21239;344598052
Q1;Lista de repositorios;REST;23;986;0.529900;21239;344598052
Q1;Lista de repositorios;REST;24;285;0.736700;21239;344598052
Q1;Lista de repositorios;REST;25;515;0.581900;21239;344598052
Q1;Lista de repositorios;REST;26;115;0.571100;21239;344598052
Q1;Lista de repositorios;REST;27;513;0.597500;21239;344598052
Q1;Lista de repositorios;REST;28;89;0.582700;21239;344598052
Q1;Lista de repositorios;REST;29;809;0.539800;21239;344598052
Q1;Lista de repositorios;REST;30;952;0.543800;21239;344598052
Q1;Lista de repositorios;REST;31;586;0.563900;21239;344598052
Q1;Lista de repositorios;REST;32;357;0.583700;21239;344598052
Q1;Lista de repositorios;REST;33;506;0.513600;21239;344598052
Q1;Lista de repositorios;REST;34;31;0.613900;21239;344598052
Q1;Lista de repositorios;REST;35;1027;0.624800;21239;344598052
Q1;Lista de repositorios;REST;36;574;0.606600;21239;344598052
Q1;Lista de repositorios;REST;37;1168;0.732100;21239;344598052
Q1;Lista de repositorios;REST;38;33;0.499200;21239;344598052
Q1;Lista de repositorios;REST;39;554;0.981000;21239;344598052
Q1;Lista de repositorios;REST;40;360;0.621400;21239;344598052
Q1;Lista de repositorios;REST;41;881;0.555600;21239;344598052
Q1;Lista de repositorios;REST;42;811;0.538900;21239;344598052
Q1;Lista de repositorios;REST;43;282;0.537100;21239;344598052
Q1;Lista de repositorios;REST;44;190;0.585600;21239;344598052
Q1;Lista de repositorios;REST;45;835;0.546900;21239;344598052
Q1;Lista de repositorios;REST;46;901;0.614300;21239;344598052
Q1;Lista de repositorios;REST;47;191;0.806000;21239;344598052
Q1;Lista de repositorios;REST;48;771;0.719200;21239;344598052
Q1;Lista de repositorios;REST;49;361;0.539200;21239;344598052
Q1;Lista de repositorios;REST;50;887;0.559300;21239;344598052
Q1;Lista de repositorios;REST;51;249;0.665200;21239;344598052
Q1;Lista de repositorios;REST;52;1088;0.569100;21239;344598052
Q1;Lista de repositorios;REST;53;662;0.671700;21239;344598052
Q1;Lista de repositorios;REST;54;265;0.774800;21239;344598052
Q1;Lista de repositorios;REST;55;1007;0.608900;21239;344598052
Q1;Lista de repositorios;REST;56;1186;0.564800;21239;344598052
Q1;Lista de repositorios;REST;57;322;0.752800;21239;344598052
Q1;Lista de repositorios;REST;58;1078;0.568300;21239;344598052
Q1;Lista de repositorios;REST;59;377;1.039900;21239;344598052
Q1;Lista de repositorios;REST;60;124;0.543400;21239;344598052
Q1;Lista de repositorios;REST;61;761;0.517500;21239;344598052
Q1;Lista de repositorios;REST;62;635;0.634900;21239;344598052
Q1;Lista de repositorios;REST;63;927;0.631700;21239;344598052
Q1;Lista de repositorios;REST;64;641;0.518000;21239;344598052
Q1;Lista de repositorios;REST;65;13;0.736300;21239;344598052
Q1;Lista de repositorios;REST;66;964;0.600000;21239;344598052
Q1;Lista de repositorios;REST;67;182;0.565500;21239;344598052
Q1;Lista de repositorios;REST;68;242;0.722900;21239;344598052
Q1;Lista de repositorios;REST;69;973;0.888200;21239;344598052
Q1;Lista de repositorios;REST;70;852;0.734200;21239;344598052
Q1;Lista de repositorios;REST;71;1081;0.538500;21239;344598052
Q1;Lista de repositorios;REST;72;364;0.545700;21239;344598052
Q1;Lista de repositorios;REST;73;43;0.670500;21239;344598052
Q1;Lista de repositorios;REST;74;1126;0.705000;21239;344598052
Q1;Lista de repositorios;REST;75;511;0.515200;21239;344598052
Q1;Lista de repositorios;REST;76;83;0.810500;21239;344598052
Q1;Lista de repositorios;REST;77;425;0.499200;21239;344598052
Q1;Lista de repositorios;REST;78;337;0.955600;21239;344598052
Q1;Lista de repositorios;REST;79;560;0.549000;21239;344598052
Q1;Lista de repositorios;REST;80;960;0.836500;21239;344598052
Q1;Lista de repositorios;REST;81;923;0.560000;21239;344598052
Q1;Lista de repositorios;REST;82;427;0.528000;21239;344598052
Q1;Lista de repositorios;REST;83;548;0.596600;21239;344598052
Q1;Lista de repositorios;REST;84;32;0.567900;21239;344598052
Q1;Lista de repositorios;REST;85;959;1.034500;21239;344598052
Q1;Lista de repositorios;REST;86;1102;0.641400;21239;344598052
Q1;Lista de repositorios;REST;87;1092;0.564600;21239;344598052
Q1;Lista de repositorios;REST;88;498;0.522600;21239;344598052
Q1;Lista de repositorios;REST;89;1190;0.531600;21239;344598052
Q1;Lista de repositorios;REST;90;1075;0.750600;21239;344598052
Q1;Lista de repositorios;REST;91;877;0.566400;21239;344598052
Q1;Lista de repositorios;REST;92;1116;0.558500;21239;344598052
Q1;Lista de repositorios;REST;93;370;0.923300;21239;344598052
Q1;Lista de repositorios;REST;94;40;0.839500;21239;344598052
Q1;Lista de repositorios;REST;95;694;0.755300;21239;344598052
Q1;Lista de repositorios;REST;96;1141;0.736000;21239;344598052
Q1;Lista de repositorios;REST;97;919;0.879500;21239;344598052
Q1;Lista de repositorios;REST;98;241;0.768700;21239;344598052
Q1;Lista de repositorios;REST;99;650;0.546900;21239;344598052
Q1;Lista de repositorios;REST;100;619;0.569200;21239;344598052
Q1;Lista de repositorios;REST;101;669;0.532200;21239;344598052
Q1;Lista de repositorios;REST;102;1063;0.642800;21239;344598052
Q1;Lista de repositorios;REST;103;1009;0.528200;21239;344598052
Q1;Lista de repositorios;REST;104;298;0.518500;21239;344598052
Q1;Lista de repositorios;REST;105;657;0.600900;21239;344598052
Q1;Lista de repositorios;REST;106;226;0.532200;21239;344598052
Q1;Lista de repositorios;REST;107;1193;0.569200;21239;344598052
Q1;Lista de repositorios;REST;108;476;0.760100;21239;344598052
Q1;Lista de repositorios;REST;109;763;0.522100;21239;344598052
Q1;Lista de repositorios;REST;110;504;0.632400;21239;344598052
Q1;Lista de repositorios;REST;111;333;0.738000;21239;344598052
Q1;Lista de repositorios;REST;112;748;0.570700;21239;344598052
Q1;Lista de repositorios;REST;113;1127;0.625600;21239;344598052
Q1;Lista de repositorios;REST;114;327;0.553600;21239;344598052
Q1;Lista de repositorios;REST;115;1038;0.628100;21239;344598052
Q1;Lista de repositorios;REST;116;59;0.572800;21239;344598052
Q1;Lista de repositorios;REST;117;276;0.614100;21239;344598052
Q1;Lista de repositorios;REST;118;949;0.616400;21239;344598052
Q1;Lista de repositorios;REST;119;311;0.531500;21239;344598052
Q1;Lista de repositorios;REST;120;1124;0.572000;21239;344598052
Q2;Detalhe do repositorio;GraphQL;1;862;0.029300;185;171050203
Q2;Detalhe do repositorio;GraphQL;2;780;0.017900;185;171050203
Q2;Detalhe do repositorio;GraphQL;3;1199;0.027300;185;171050203
Q2;Detalhe do repositorio;GraphQL;4;936;0.026500;185;171050203
Q2;Detalhe do repositorio;GraphQL;5;770;0.011600;185;171050203
Q2;Detalhe do repositorio;GraphQL;6;1072;0.032300;185;171050203
Q2;Detalhe do repositorio;GraphQL;7;582;0.010200;185;171050203
Q2;Detalhe do repositorio;GraphQL;8;371;0.028800;185;171050203
Q2;Detalhe do repositorio;GraphQL;9;1151;0.024200;185;171050203
Q2;Detalhe do repositorio;GraphQL;10;219;0.017800;185;171050203
Q2;Detalhe do repositorio;GraphQL;11;30;0.010700;185;171050203
Q2;Detalhe do repositorio;GraphQL;12;117;0.040700;185;171050203
Q2;Detalhe do repositorio;GraphQL;13;647;0.018100;185;171050203
Q2;Detalhe do repositorio;GraphQL;14;366;0.020900;185;171050203
Q2;Detalhe do repositorio;GraphQL;15;235;0.018000;185;171050203
Q2;Detalhe do repositorio;GraphQL;16;178;0.018200;185;171050203
Q2;Detalhe do repositorio;GraphQL;17;404;0.012200;185;171050203
Q2;Detalhe do repositorio;GraphQL;18;17;0.018600;185;171050203
Q2;Detalhe do repositorio;GraphQL;19;826;0.019600;185;171050203
Q2;Detalhe do repositorio;GraphQL;20;120;0.013400;185;171050203
Q2;Detalhe do repositorio;GraphQL;21;200;0.069800;185;171050203
Q2;Detalhe do repositorio;GraphQL;22;301;0.023500;185;171050203
Q2;Detalhe do repositorio;GraphQL;23;165;0.015600;185;171050203
Q2;Detalhe do repositorio;GraphQL;24;431;0.018800;185;171050203
Q2;Detalhe do repositorio;GraphQL;25;436;0.059600;185;171050203
Q2;Detalhe do repositorio;GraphQL;26;453;0.022000;185;171050203
Q2;Detalhe do repositorio;GraphQL;27;806;0.018600;185;171050203
Q2;Detalhe do repositorio;GraphQL;28;533;0.010300;185;171050203
Q2;Detalhe do repositorio;GraphQL;29;55;0.020300;185;171050203
Q2;Detalhe do repositorio;GraphQL;30;332;0.024400;185;171050203
Q2;Detalhe do repositorio;GraphQL;31;916;0.014900;185;171050203
Q2;Detalhe do repositorio;GraphQL;32;547;0.010300;185;171050203
Q2;Detalhe do repositorio;GraphQL;33;390;0.021900;185;171050203
Q2;Detalhe do repositorio;GraphQL;34;1111;0.028300;185;171050203
Q2;Detalhe do repositorio;GraphQL;35;696;0.022700;185;171050203
Q2;Detalhe do repositorio;GraphQL;36;818;0.020000;185;171050203
Q2;Detalhe do repositorio;GraphQL;37;841;0.035900;185;171050203
Q2;Detalhe do repositorio;GraphQL;38;100;0.025100;185;171050203
Q2;Detalhe do repositorio;GraphQL;39;1057;0.015500;185;171050203
Q2;Detalhe do repositorio;GraphQL;40;414;0.018800;185;171050203
Q2;Detalhe do repositorio;GraphQL;41;530;0.029800;185;171050203
Q2;Detalhe do repositorio;GraphQL;42;24;0.007800;185;171050203
Q2;Detalhe do repositorio;GraphQL;43;598;0.018700;185;171050203
Q2;Detalhe do repositorio;GraphQL;44;691;0.017200;185;171050203
Q2;Detalhe do repositorio;GraphQL;45;429;0.014500;185;171050203
Q2;Detalhe do repositorio;GraphQL;46;705;0.010500;185;171050203
Q2;Detalhe do repositorio;GraphQL;47;920;0.035100;185;171050203
Q2;Detalhe do repositorio;GraphQL;48;843;0.029000;185;171050203
Q2;Detalhe do repositorio;GraphQL;49;349;0.025000;185;171050203
Q2;Detalhe do repositorio;GraphQL;50;534;0.009400;185;171050203
Q2;Detalhe do repositorio;GraphQL;51;729;0.019600;185;171050203
Q2;Detalhe do repositorio;GraphQL;52;767;0.012800;185;171050203
Q2;Detalhe do repositorio;GraphQL;53;905;0.021900;185;171050203
Q2;Detalhe do repositorio;GraphQL;54;593;0.009600;185;171050203
Q2;Detalhe do repositorio;GraphQL;55;381;0.027100;185;171050203
Q2;Detalhe do repositorio;GraphQL;56;899;0.017900;185;171050203
Q2;Detalhe do repositorio;GraphQL;57;496;0.015400;185;171050203
Q2;Detalhe do repositorio;GraphQL;58;795;0.018400;185;171050203
Q2;Detalhe do repositorio;GraphQL;59;289;0.017100;185;171050203
Q2;Detalhe do repositorio;GraphQL;60;617;0.016000;185;171050203
Q2;Detalhe do repositorio;GraphQL;61;1154;0.022200;185;171050203
Q2;Detalhe do repositorio;GraphQL;62;592;0.016100;185;171050203
Q2;Detalhe do repositorio;GraphQL;63;85;0.018800;185;171050203
Q2;Detalhe do repositorio;GraphQL;64;350;0.013100;185;171050203
Q2;Detalhe do repositorio;GraphQL;65;722;0.014800;185;171050203
Q2;Detalhe do repositorio;GraphQL;66;336;0.022800;185;171050203
Q2;Detalhe do repositorio;GraphQL;67;596;0.020000;185;171050203
Q2;Detalhe do repositorio;GraphQL;68;1024;0.014900;185;171050203
Q2;Detalhe do repositorio;GraphQL;69;517;0.016600;185;171050203
Q2;Detalhe do repositorio;GraphQL;70;304;0.017300;185;171050203
Q2;Detalhe do repositorio;GraphQL;71;1091;0.030400;185;171050203
Q2;Detalhe do repositorio;GraphQL;72;130;0.022100;185;171050203
Q2;Detalhe do repositorio;GraphQL;73;23;0.011500;185;171050203
Q2;Detalhe do repositorio;GraphQL;74;1010;0.023000;185;171050203
Q2;Detalhe do repositorio;GraphQL;75;410;0.018000;185;171050203
Q2;Detalhe do repositorio;GraphQL;76;796;0.010300;185;171050203
Q2;Detalhe do repositorio;GraphQL;77;358;0.012500;185;171050203
Q2;Detalhe do repositorio;GraphQL;78;764;0.018200;185;171050203
Q2;Detalhe do repositorio;GraphQL;79;545;0.015200;185;171050203
Q2;Detalhe do repositorio;GraphQL;80;209;0.014600;185;171050203
Q2;Detalhe do repositorio;GraphQL;81;782;0.011500;185;171050203
Q2;Detalhe do repositorio;GraphQL;82;724;0.010200;185;171050203
Q2;Detalhe do repositorio;GraphQL;83;141;0.022700;185;171050203
Q2;Detalhe do repositorio;GraphQL;84;1160;0.019600;185;171050203
Q2;Detalhe do repositorio;GraphQL;85;486;0.046900;185;171050203
Q2;Detalhe do repositorio;GraphQL;86;581;0.025000;185;171050203
Q2;Detalhe do repositorio;GraphQL;87;278;0.026500;185;171050203
Q2;Detalhe do repositorio;GraphQL;88;46;0.021800;185;171050203
Q2;Detalhe do repositorio;GraphQL;89;864;0.028500;185;171050203
Q2;Detalhe do repositorio;GraphQL;90;567;0.039300;185;171050203
Q2;Detalhe do repositorio;GraphQL;91;60;0.018100;185;171050203
Q2;Detalhe do repositorio;GraphQL;92;356;0.015200;185;171050203
Q2;Detalhe do repositorio;GraphQL;93;970;0.018300;185;171050203
Q2;Detalhe do repositorio;GraphQL;94;700;0.023800;185;171050203
Q2;Detalhe do repositorio;GraphQL;95;441;0.018400;185;171050203
Q2;Detalhe do repositorio;GraphQL;96;399;0.027300;185;171050203
Q2;Detalhe do repositorio;GraphQL;97;766;0.036700;185;171050203
Q2;Detalhe do repositorio;GraphQL;98;594;0.009100;185;171050203
Q2;Detalhe do repositorio;GraphQL;99;1022;0.023200;185;171050203
Q2;Detalhe do repositorio;GraphQL;100;387;0.020600;185;171050203
Q2;Detalhe do repositorio;GraphQL;101;256;0.015700;185;171050203
Q2;Detalhe do repositorio;GraphQL;102;693;0.010900;185;171050203
Q2;Detalhe do repositorio;GraphQL;103;769;0.012100;185;171050203
Q2;Detalhe do repositorio;GraphQL;104;717;0.019400;185;171050203
Q2;Detalhe do repositorio;GraphQL;105;895;0.016300;185;171050203
Q2;Detalhe do repositorio;GraphQL;106;109;0.011900;185;171050203
Q2;Detalhe do repositorio;GraphQL;107;1054;0.016600;185;171050203
Q2;Detalhe do repositorio;GraphQL;108;403;0.014500;185;171050203
Q2;Detalhe do repositorio;GraphQL;109;105;0.043100;185;171050203
Q2;Detalhe do repositorio;GraphQL;110;455;0.041300;185;171050203
Q2;Detalhe do repositorio;GraphQL;111;603;0.035200;185;171050203
Q2;Detalhe do repositorio;GraphQL;112;1064;0.037800;185;171050203
Q2;Detalhe do repositorio;GraphQL;113;66;0.017800;185;171050203
Q2;Detalhe do repositorio;GraphQL;114;302;0.008100;185;171050203
Q2;Detalhe do repositorio;GraphQL;115;434;0.018100;185;171050203
Q2;Detalhe do repositorio;GraphQL;116;269;0.026400;185;171050203
Q2;Detalhe do repositorio;GraphQL;117;913;0.023300;185;171050203
Q2;Detalhe do repositorio;GraphQL;118;823;0.021300;185;171050203
Q2;Detalhe do repositorio;GraphQL;119;375;0.015600;185;171050203
Q2;Detalhe do repositorio;GraphQL;120;422;0.023700;185;171050203
Q2;Detalhe do repositorio;REST;1;95;0.295600;12440;-1302055709
Q2;Detalhe do repositorio;REST;2;244;0.303900;12440;-1302055709
Q2;Detalhe do repositorio;REST;3;1053;0.216400;12440;-1302055709
Q2;Detalhe do repositorio;REST;4;1079;0.225800;12440;-1302055709
Q2;Detalhe do repositorio;REST;5;832;0.218000;12440;-1302055709
Q2;Detalhe do repositorio;REST;6;189;0.246800;12440;-1302055709
Q2;Detalhe do repositorio;REST;7;1173;0.265100;12440;-1302055709
Q2;Detalhe do repositorio;REST;8;943;0.228800;12440;-1302055709
Q2;Detalhe do repositorio;REST;9;179;0.227100;12440;-1302055709
Q2;Detalhe do repositorio;REST;10;416;0.254600;12440;-1302055709
Q2;Detalhe do repositorio;REST;11;758;0.188700;12440;-1302055709
Q2;Detalhe do repositorio;REST;12;290;0.231900;12440;-1302055709
Q2;Detalhe do repositorio;REST;13;373;0.340900;12440;-1302055709
Q2;Detalhe do repositorio;REST;14;284;0.259400;12440;-1302055709
Q2;Detalhe do repositorio;REST;15;666;0.233100;12440;-1302055709
Q2;Detalhe do repositorio;REST;16;1074;0.275300;12440;-1302055709
Q2;Detalhe do repositorio;REST;17;56;0.227700;12440;-1302055709
Q2;Detalhe do repositorio;REST;18;295;0.392900;12440;-1302055709
Q2;Detalhe do repositorio;REST;19;824;0.254700;12440;-1302055709
Q2;Detalhe do repositorio;REST;20;359;0.229200;12440;-1302055709
Q2;Detalhe do repositorio;REST;21;775;0.289800;12440;-1302055709
Q2;Detalhe do repositorio;REST;22;224;0.288000;12440;-1302055709
Q2;Detalhe do repositorio;REST;23;1179;0.221100;12440;-1302055709
Q2;Detalhe do repositorio;REST;24;303;0.387400;12440;-1302055709
Q2;Detalhe do repositorio;REST;25;1021;0.291000;12440;-1302055709
Q2;Detalhe do repositorio;REST;26;856;0.256500;12440;-1302055709
Q2;Detalhe do repositorio;REST;27;555;0.221800;12440;-1302055709
Q2;Detalhe do repositorio;REST;28;1042;0.218400;12440;-1302055709
Q2;Detalhe do repositorio;REST;29;243;0.375800;12440;-1302055709
Q2;Detalhe do repositorio;REST;30;133;0.272700;12440;-1302055709
Q2;Detalhe do repositorio;REST;31;616;0.212400;12440;-1302055709
Q2;Detalhe do repositorio;REST;32;888;0.210800;12440;-1302055709
Q2;Detalhe do repositorio;REST;33;1180;0.216500;12440;-1302055709
Q2;Detalhe do repositorio;REST;34;240;0.335300;12440;-1302055709
Q2;Detalhe do repositorio;REST;35;698;0.301700;12440;-1302055709
Q2;Detalhe do repositorio;REST;36;654;0.223400;12440;-1302055709
Q2;Detalhe do repositorio;REST;37;14;0.315200;12440;-1302055709
Q2;Detalhe do repositorio;REST;38;678;0.265300;12440;-1302055709
Q2;Detalhe do repositorio;REST;39;495;0.198300;12440;-1302055709
Q2;Detalhe do repositorio;REST;40;976;0.232900;12440;-1302055709
Q2;Detalhe do repositorio;REST;41;38;0.226900;12440;-1302055709
Q2;Detalhe do repositorio;REST;42;419;0.399900;12440;-1302055709
Q2;Detalhe do repositorio;REST;43;672;0.216300;12440;-1302055709
Q2;Detalhe do repositorio;REST;44;132;0.366500;12440;-1302055709
Q2;Detalhe do repositorio;REST;45;829;0.234800;12440;-1302055709
Q2;Detalhe do repositorio;REST;46;542;0.243800;12440;-1302055709
Q2;Detalhe do repositorio;REST;47;147;0.260600;12440;-1302055709
Q2;Detalhe do repositorio;REST;48;544;0.201400;12440;-1302055709
Q2;Detalhe do repositorio;REST;49;206;0.246000;12440;-1302055709
Q2;Detalhe do repositorio;REST;50;684;0.280100;12440;-1302055709
Q2;Detalhe do repositorio;REST;51;602;0.366600;12440;-1302055709
Q2;Detalhe do repositorio;REST;52;605;0.309100;12440;-1302055709
Q2;Detalhe do repositorio;REST;53;88;0.294800;12440;-1302055709
Q2;Detalhe do repositorio;REST;54;550;0.382900;12440;-1302055709
Q2;Detalhe do repositorio;REST;55;1101;0.280900;12440;-1302055709
Q2;Detalhe do repositorio;REST;56;772;0.318600;12440;-1302055709
Q2;Detalhe do repositorio;REST;57;1125;0.235700;12440;-1302055709
Q2;Detalhe do repositorio;REST;58;163;0.286400;12440;-1302055709
Q2;Detalhe do repositorio;REST;59;134;0.232700;12440;-1302055709
Q2;Detalhe do repositorio;REST;60;145;0.242700;12440;-1302055709
Q2;Detalhe do repositorio;REST;61;1032;0.284000;12440;-1302055709
Q2;Detalhe do repositorio;REST;62;1069;0.298600;12440;-1302055709
Q2;Detalhe do repositorio;REST;63;1001;0.291300;12440;-1302055709
Q2;Detalhe do repositorio;REST;64;1188;0.210200;12440;-1302055709
Q2;Detalhe do repositorio;REST;65;86;0.258000;12440;-1302055709
Q2;Detalhe do repositorio;REST;66;1164;0.297000;12440;-1302055709
Q2;Detalhe do repositorio;REST;67;948;0.234700;12440;-1302055709
Q2;Detalhe do repositorio;REST;68;351;0.381000;12440;-1302055709
Q2;Detalhe do repositorio;REST;69;1055;0.191800;12440;-1302055709
Q2;Detalhe do repositorio;REST;70;732;0.257800;12440;-1302055709
Q2;Detalhe do repositorio;REST;71;460;0.347000;12440;-1302055709
Q2;Detalhe do repositorio;REST;72;1128;0.232900;12440;-1302055709
Q2;Detalhe do repositorio;REST;73;634;0.296200;12440;-1302055709
Q2;Detalhe do repositorio;REST;74;915;0.233600;12440;-1302055709
Q2;Detalhe do repositorio;REST;75;589;0.215800;12440;-1302055709
Q2;Detalhe do repositorio;REST;76;675;0.269300;12440;-1302055709
Q2;Detalhe do repositorio;REST;77;368;0.341100;12440;-1302055709
Q2;Detalhe do repositorio;REST;78;528;0.208100;12440;-1302055709
Q2;Detalhe do repositorio;REST;79;407;0.385600;12440;-1302055709
Q2;Detalhe do repositorio;REST;80;424;0.214900;12440;-1302055709
Q2;Detalhe do repositorio;REST;81;821;0.279500;12440;-1302055709
Q2;Detalhe do repositorio;REST;82;167;0.239600;12440;-1302055709
Q2;Detalhe do repositorio;REST;83;1198;0.261600;12440;-1302055709
Q2;Detalhe do repositorio;REST;84;1026;0.294500;12440;-1302055709
Q2;Detalhe do repositorio;REST;85;79;0.229800;12440;-1302055709
Q2;Detalhe do repositorio;REST;86;1045;0.241800;12440;-1302055709
Q2;Detalhe do repositorio;REST;87;781;0.207900;12440;-1302055709
Q2;Detalhe do repositorio;REST;88;983;0.223300;12440;-1302055709
Q2;Detalhe do repositorio;REST;89;352;0.336200;12440;-1302055709
Q2;Detalhe do repositorio;REST;90;526;0.212900;12440;-1302055709
Q2;Detalhe do repositorio;REST;91;847;0.249100;12440;-1302055709
Q2;Detalhe do repositorio;REST;92;1137;0.296200;12440;-1302055709
Q2;Detalhe do repositorio;REST;93;833;0.229200;12440;-1302055709
Q2;Detalhe do repositorio;REST;94;116;0.289900;12440;-1302055709
Q2;Detalhe do repositorio;REST;95;220;0.348600;12440;-1302055709
Q2;Detalhe do repositorio;REST;96;883;0.231100;12440;-1302055709
Q2;Detalhe do repositorio;REST;97;1;0.389000;12440;-1302055709
Q2;Detalhe do repositorio;REST;98;126;0.273000;12440;-1302055709
Q2;Detalhe do repositorio;REST;99;876;0.227400;12440;-1302055709
Q2;Detalhe do repositorio;REST;100;35;0.228600;12440;-1302055709
Q2;Detalhe do repositorio;REST;101;252;0.418800;12440;-1302055709
Q2;Detalhe do repositorio;REST;102;928;0.228300;12440;-1302055709
Q2;Detalhe do repositorio;REST;103;479;0.196300;12440;-1302055709
Q2;Detalhe do repositorio;REST;104;319;0.351100;12440;-1302055709
Q2;Detalhe do repositorio;REST;105;842;0.367100;12440;-1302055709
Q2;Detalhe do repositorio;REST;106;180;0.218300;12440;-1302055709
Q2;Detalhe do repositorio;REST;107;1138;0.293200;12440;-1302055709
Q2;Detalhe do repositorio;REST;108;264;0.288800;12440;-1302055709
Q2;Detalhe do repositorio;REST;109;452;0.310500;12440;-1302055709
Q2;Detalhe do repositorio;REST;110;625;0.224900;12440;-1302055709
Q2;Detalhe do repositorio;REST;111;668;0.205400;12440;-1302055709
Q2;Detalhe do repositorio;REST;112;727;0.292300;12440;-1302055709
Q2;Detalhe do repositorio;REST;113;1152;0.365600;12440;-1302055709
Q2;Detalhe do repositorio;REST;114;757;0.241300;12440;-1302055709
Q2;Detalhe do repositorio;REST;115;468;0.327100;12440;-1302055709
Q2;Detalhe do repositorio;REST;116;208;0.206100;12440;-1302055709
Q2;Detalhe do repositorio;REST;117;1043;0.225100;12440;-1302055709
Q2;Detalhe do repositorio;REST;118;611;0.204300;12440;-1302055709
Q2;Detalhe do repositorio;REST;119;609;0.203800;12440;-1302055709
Q2;Detalhe do repositorio;REST;120;840;0.321300;12440;-1302055709
Q3;Issues recentes;GraphQL;1;1059;0.298100;7633;2029176955
Q3;Issues recentes;GraphQL;2;487;0.339100;7633;2029176955
Q3;Issues recentes;GraphQL;3;778;0.300600;7633;2029176955
Q3;Issues recentes;GraphQL;4;340;0.350400;7633;2029176955
Q3;Issues recentes;GraphQL;5;237;0.464900;7633;2029176955
Q3;Issues recentes;GraphQL;6;762;0.285500;7633;2029176955
Q3;Issues recentes;GraphQL;7;275;0.369300;7633;2029176955
Q3;Issues recentes;GraphQL;8;670;0.303200;7633;2029176955
Q3;Issues recentes;GraphQL;9;20;0.287900;7633;2029176955
Q3;Issues recentes;GraphQL;10;112;0.265000;7633;2029176955
Q3;Issues recentes;GraphQL;11;1033;0.405500;7633;2029176955
Q3;Issues recentes;GraphQL;12;461;0.392500;7633;2029176955
Q3;Issues recentes;GraphQL;13;442;0.381500;7633;2029176955
Q3;Issues recentes;GraphQL;14;921;0.406400;7633;2029176955
Q3;Issues recentes;GraphQL;15;753;0.365600;7633;2029176955
Q3;Issues recentes;GraphQL;16;831;0.319500;7633;2029176955
Q3;Issues recentes;GraphQL;17;267;0.272800;7633;2029176955
Q3;Issues recentes;GraphQL;18;747;0.284300;7633;2029176955
Q3;Issues recentes;GraphQL;19;406;0.409900;7633;2029176955
Q3;Issues recentes;GraphQL;20;917;0.424300;7633;2029176955
Q3;Issues recentes;GraphQL;21;1011;0.283500;7633;2029176955
Q3;Issues recentes;GraphQL;22;648;0.300200;7633;2029176955
Q3;Issues recentes;GraphQL;23;292;0.328200;7633;2029176955
Q3;Issues recentes;GraphQL;24;236;0.583100;7633;2029176955
Q3;Issues recentes;GraphQL;25;397;0.410300;7633;2029176955
Q3;Issues recentes;GraphQL;26;728;0.436800;7633;2029176955
Q3;Issues recentes;GraphQL;27;935;0.530300;7633;2029176955
Q3;Issues recentes;GraphQL;28;388;0.399000;7633;2029176955
Q3;Issues recentes;GraphQL;29;374;0.402600;7633;2029176955
Q3;Issues recentes;GraphQL;30;293;0.325000;7633;2029176955
Q3;Issues recentes;GraphQL;31;546;0.303900;7633;2029176955
Q3;Issues recentes;GraphQL;32;1148;0.450400;7633;2029176955
Q3;Issues recentes;GraphQL;33;378;0.498300;7633;2029176955
Q3;Issues recentes;GraphQL;34;975;0.310800;7633;2029176955
Q3;Issues recentes;GraphQL;35;509;0.277100;7633;2029176955
Q3;Issues recentes;GraphQL;36;104;0.313500;7633;2029176955
Q3;Issues recentes;GraphQL;37;1037;0.280100;7633;2029176955
Q3;Issues recentes;GraphQL;38;745;0.310600;7633;2029176955
Q3;Issues recentes;GraphQL;39;886;0.289200;7633;2029176955
Q3;Issues recentes;GraphQL;40;204;0.417100;7633;2029176955
Q3;Issues recentes;GraphQL;41;1165;0.352800;7633;2029176955
Q3;Issues recentes;GraphQL;42;737;0.408900;7633;2029176955
Q3;Issues recentes;GraphQL;43;462;0.311400;7633;2029176955
Q3;Issues recentes;GraphQL;44;1070;0.396500;7633;2029176955
Q3;Issues recentes;GraphQL;45;316;0.406300;7633;2029176955
Q3;Issues recentes;GraphQL;46;51;0.265100;7633;2029176955
Q3;Issues recentes;GraphQL;47;743;0.388700;7633;2029176955
Q3;Issues recentes;GraphQL;48;614;0.291800;7633;2029176955
Q3;Issues recentes;GraphQL;49;1130;0.499100;7633;2029176955
Q3;Issues recentes;GraphQL;50;22;0.256900;7633;2029176955
Q3;Issues recentes;GraphQL;51;985;0.293200;7633;2029176955
Q3;Issues recentes;GraphQL;52;576;0.307600;7633;2029176955
Q3;Issues recentes;GraphQL;53;822;0.395200;7633;2029176955
Q3;Issues recentes;GraphQL;54;1020;0.358400;7633;2029176955
Q3;Issues recentes;GraphQL;55;497;0.290000;7633;2029176955
Q3;Issues recentes;GraphQL;56;50;0.265500;7633;2029176955
Q3;Issues recentes;GraphQL;57;501;0.369000;7633;2029176955
Q3;Issues recentes;GraphQL;58;61;0.320600;7633;2029176955
Q3;Issues recentes;GraphQL;59;39;0.383200;7633;2029176955
Q3;Issues recentes;GraphQL;60;866;0.303200;7633;2029176955
Q3;Issues recentes;GraphQL;61;409;0.418400;7633;2029176955
Q3;Issues recentes;GraphQL;62;977;0.283400;7633;2029176955
Q3;Issues recentes;GraphQL;63;604;0.409900;7633;2029176955
Q3;Issues recentes;GraphQL;64;1169;0.393600;7633;2029176955
Q3;Issues recentes;GraphQL;65;263;0.296700;7633;2029176955
Q3;Issues recentes;GraphQL;66;195;0.360300;7633;2029176955
Q3;Issues recentes;GraphQL;67;362;0.280300;7633;2029176955
Q3;Issues recentes;GraphQL;68;633;0.337300;7633;2029176955
Q3;Issues recentes;GraphQL;69;934;0.470700;7633;2029176955
Q3;Issues recentes;GraphQL;70;437;0.393000;7633;2029176955
Q3;Issues recentes;GraphQL;71;251;0.347900;7633;2029176955
Q3;Issues recentes;GraphQL;72;539;0.309000;7633;2029176955
Q3;Issues recentes;GraphQL;73;621;0.299200;7633;2029176955
Q3;Issues recentes;GraphQL;74;73;0.337200;7633;2029176955
Q3;Issues recentes;GraphQL;75;1115;0.318400;7633;2029176955
Q3;Issues recentes;GraphQL;76;894;0.314700;7633;2029176955
Q3;Issues recentes;GraphQL;77;880;0.291900;7633;2029176955
Q3;Issues recentes;GraphQL;78;1014;0.272400;7633;2029176955
Q3;Issues recentes;GraphQL;79;882;0.320700;7633;2029176955
Q3;Issues recentes;GraphQL;80;1150;0.423900;7633;2029176955
Q3;Issues recentes;GraphQL;81;942;0.290900;7633;2029176955
Q3;Issues recentes;GraphQL;82;16;0.325400;7633;2029176955
Q3;Issues recentes;GraphQL;83;600;0.474500;7633;2029176955
Q3;Issues recentes;GraphQL;84;168;0.279100;7633;2029176955
Q3;Issues recentes;GraphQL;85;1086;0.300800;7633;2029176955
Q3;Issues recentes;GraphQL;86;541;0.332200;7633;2029176955
Q3;Issues recentes;GraphQL;87;398;0.424500;7633;2029176955
Q3;Issues recentes;GraphQL;88;1012;0.273700;7633;2029176955
Q3;Issues recentes;GraphQL;89;956;0.467800;7633;2029176955
Q3;Issues recentes;GraphQL;90;239;0.408100;7633;2029176955
Q3;Issues recentes;GraphQL;91;1144;0.479500;7633;2029176955
Q3;Issues recentes;GraphQL;92;992;0.277900;7633;2029176955
Q3;Issues recentes;GraphQL;93;1023;0.298800;7633;2029176955
Q3;Issues recentes;GraphQL;94;1040;0.318100;7633;2029176955
Q3;Issues recentes;GraphQL;95;405;0.414400;7633;2029176955
Q3;Issues recentes;GraphQL;96;382;0.283000;7633;2029176955
Q3;Issues recentes;GraphQL;97;933;0.370900;7633;2029176955
Q3;Issues recentes;GraphQL;98;924;0.315900;7633;2029176955
Q3;Issues recentes;GraphQL;99;233;0.325300;7633;2029176955
Q3;Issues recentes;GraphQL;100;74;0.293500;7633;2029176955
Q3;Issues recentes;GraphQL;101;590;0.286800;7633;2029176955
Q3;Issues recentes;GraphQL;102;639;0.313100;7633;2029176955
Q3;Issues recentes;GraphQL;103;980;0.300000;7633;2029176955
Q3;Issues recentes;GraphQL;104;255;0.268300;7633;2029176955
Q3;Issues recentes;GraphQL;105;338;0.553300;7633;2029176955
Q3;Issues recentes;GraphQL;106;637;0.345200;7633;2029176955
Q3;Issues recentes;GraphQL;107;47;0.343800;7633;2029176955
Q3;Issues recentes;GraphQL;108;503;0.276600;7633;2029176955
Q3;Issues recentes;GraphQL;109;80;0.281000;7633;2029176955
Q3;Issues recentes;GraphQL;110;129;0.312100;7633;2029176955
Q3;Issues recentes;GraphQL;111;483;0.404600;7633;2029176955
Q3;Issues recentes;GraphQL;112;1089;0.303800;7633;2029176955
Q3;Issues recentes;GraphQL;113;720;0.311700;7633;2029176955
Q3;Issues recentes;GraphQL;114;897;0.330100;7633;2029176955
Q3;Issues recentes;GraphQL;115;682;0.487300;7633;2029176955
Q3;Issues recentes;GraphQL;116;261;0.285900;7633;2029176955
Q3;Issues recentes;GraphQL;117;186;0.293400;7633;2029176955
Q3;Issues recentes;GraphQL;118;383;0.266200;7633;2029176955
Q3;Issues recentes;GraphQL;119;324;0.327100;7633;2029176955
Q3;Issues recentes;GraphQL;120;966;0.305200;7633;2029176955
Q3;Issues recentes;REST;1;814;0.839300;54394;1160331407
Q3;Issues recentes;REST;2;651;0.913800;54394;1160331407
Q3;Issues recentes;REST;3;339;1.302600;54394;1160331407
Q3;Issues recentes;REST;4;91;1.647900;54394;1160331407
Q3;Issues recentes;REST;5;1191;0.878700;54394;1160331407
Q3;Issues recentes;REST;6;521;0.898900;54394;1160331407
Q3;Issues recentes;REST;7;971;0.922000;54394;1160331407
Q3;Issues recentes;REST;8;1067;1.055800;54394;1160331407
Q3;Issues recentes;REST;9;674;1.092200;54394;1160331407
Q3;Issues recentes;REST;10;480;0.814700;54394;1160331407
Q3;Issues recentes;REST;11;211;0.908200;54394;1160331407
Q3;Issues recentes;REST;12;435;1.282700;54394;1160331407
Q3;Issues recentes;REST;13;1093;0.908200;54394;1160331407
Q3;Issues recentes;REST;14;873;0.860600;54394;1160331407
Q3;Issues recentes;REST;15;389;1.376100;54394;1160331407
Q3;Issues recentes;REST;16;756;0.888000;54394;1160331407
Q3;Issues recentes;REST;17;1108;0.884500;54394;1160331407
Q3;Issues recentes;REST;18;719;0.796900;54394;1160331407
Q3;Issues recentes;REST;19;1071;0.982100;54394;1160331407
Q3;Issues recentes;REST;20;739;1.021100;54394;1160331407
Q3;Issues recentes;REST;21;90;0.942600;54394;1160331407
Q3;Issues recentes;REST;22;536;1.183600;54394;1160331407
Q3;Issues recentes;REST;23;1167;1.004800;54394;1160331407
Q3;Issues recentes;REST;24;736;1.178200;54394;1160331407
Q3;Issues recentes;REST;25;644;0.813800;54394;1160331407
Q3;Issues recentes;REST;26;860;1.290500;54394;1160331407
Q3;Issues recentes;REST;27;1044;1.081300;54394;1160331407
Q3;Issues recentes;REST;28;1120;0.818700;54394;1160331407
Q3;Issues recentes;REST;29;418;1.971600;54394;1160331407
Q3;Issues recentes;REST;30;151;1.132100;54394;1160331407
Q3;Issues recentes;REST;31;1162;1.109200;54394;1160331407
Q3;Issues recentes;REST;32;173;1.031600;54394;1160331407
Q3;Issues recentes;REST;33;1006;1.134600;54394;1160331407
Q3;Issues recentes;REST;34;1000;1.057400;54394;1160331407
Q3;Issues recentes;REST;35;645;0.811500;54394;1160331407
Q3;Issues recentes;REST;36;929;0.877800;54394;1160331407
Q3;Issues recentes;REST;37;161;1.046600;54394;1160331407
Q3;Issues recentes;REST;38;659;0.851300;54394;1160331407
Q3;Issues recentes;REST;39;1117;0.821400;54394;1160331407
Q3;Issues recentes;REST;40;1121;0.942400;54394;1160331407
Q3;Issues recentes;REST;41;277;0.986400;54394;1160331407
Q3;Issues recentes;REST;42;309;1.145900;54394;1160331407
Q3;Issues recentes;REST;43;804;0.817200;54394;1160331407
Q3;Issues recentes;REST;44;1098;0.868700;54394;1160331407
Q3;Issues recentes;REST;45;34;0.857000;54394;1160331407
Q3;Issues recentes;REST;46;580;0.847500;54394;1160331407
Q3;Issues recentes;REST;47;898;0.804000;54394;1160331407
Q3;Issues recentes;REST;48;110;0.935200;54394;1160331407
Q3;Issues recentes;REST;49;1181;0.831600;54394;1160331407
Q3;Issues recentes;REST;50;712;1.211800;54394;1160331407
Q3;Issues recentes;REST;51;697;1.355800;54394;1160331407
Q3;Issues recentes;REST;52;312;0.871400;54394;1160331407
Q3;Issues recentes;REST;53;385;1.448400;54394;1160331407
Q3;Issues recentes;REST;54;210;0.895800;54394;1160331407
Q3;Issues recentes;REST;55;549;1.203000;54394;1160331407
Q3;Issues recentes;REST;56;472;0.852600;54394;1160331407
Q3;Issues recentes;REST;57;415;0.872500;54394;1160331407
Q3;Issues recentes;REST;58;566;1.456700;54394;1160331407
Q3;Issues recentes;REST;59;216;1.144200;54394;1160331407
Q3;Issues recentes;REST;60;247;1.310400;54394;1160331407
Q3;Issues recentes;REST;61;947;0.836100;54394;1160331407
Q3;Issues recentes;REST;62;626;0.990700;54394;1160331407
Q3;Issues recentes;REST;63;562;1.037800;54394;1160331407
Q3;Issues recentes;REST;64;788;0.845300;54394;1160331407
Q3;Issues recentes;REST;65;1109;0.912800;54394;1160331407
Q3;Issues recentes;REST;66;519;0.855300;54394;1160331407
Q3;Issues recentes;REST;67;222;1.280400;54394;1160331407
Q3;Issues recentes;REST;68;82;1.136400;54394;1160331407
Q3;Issues recentes;REST;69;794;0.798800;54394;1160331407
Q3;Issues recentes;REST;70;789;0.871900;54394;1160331407
Q3;Issues recentes;REST;71;930;0.800200;54394;1160331407
Q3;Issues recentes;REST;72;655;0.799300;54394;1160331407
Q3;Issues recentes;REST;73;584;1.246300;54394;1160331407
Q3;Issues recentes;REST;74;1132;1.195100;54394;1160331407
Q3;Issues recentes;REST;75;859;0.958500;54394;1160331407
Q3;Issues recentes;REST;76;123;0.968800;54394;1160331407
Q3;Issues recentes;REST;77;467;1.000600;54394;1160331407
Q3;Issues recentes;REST;78;413;0.902700;54394;1160331407
Q3;Issues recentes;REST;79;198;1.068300;54394;1160331407
Q3;Issues recentes;REST;80;658;0.952300;54394;1160331407
Q3;Issues recentes;REST;81;819;0.906300;54394;1160331407
Q3;Issues recentes;REST;82;197;0.955800;54394;1160331407
Q3;Issues recentes;REST;83;1131;1.185400;54394;1160331407
Q3;Issues recentes;REST;84;632;0.943800;54394;1160331407
Q3;Issues recentes;REST;85;618;0.855000;54394;1160331407
Q3;Issues recentes;REST;86;868;0.974100;54394;1160331407
Q3;Issues recentes;REST;87;149;0.924600;54394;1160331407
Q3;Issues recentes;REST;88;417;1.344300;54394;1160331407
Q3;Issues recentes;REST;89;454;1.148300;54394;1160331407
Q3;Issues recentes;REST;90;810;0.872100;54394;1160331407
Q3;Issues recentes;REST;91;489;1.044200;54394;1160331407
Q3;Issues recentes;REST;92;185;0.871500;54394;1160331407
Q3;Issues recentes;REST;93;892;1.090200;54394;1160331407
Q3;Issues recentes;REST;94;514;0.797700;54394;1160331407
Q3;Issues recentes;REST;95;412;1.624900;54394;1160331407
Q3;Issues recentes;REST;96;1135;1.012200;54394;1160331407
Q3;Issues recentes;REST;97;993;0.903900;54394;1160331407
Q3;Issues recentes;REST;98;679;1.033100;54394;1160331407
Q3;Issues recentes;REST;99;159;0.958500;54394;1160331407
Q3;Issues recentes;REST;100;131;1.097400;54394;1160331407
Q3;Issues recentes;REST;101;156;0.904500;54394;1160331407
Q3;Issues recentes;REST;102;925;0.899300;54394;1160331407
Q3;Issues recentes;REST;103;121;1.018900;54394;1160331407
Q3;Issues recentes;REST;104;785;0.877900;54394;1160331407
Q3;Issues recentes;REST;105;1002;1.083400;54394;1160331407
Q3;Issues recentes;REST;106;44;0.962800;54394;1160331407
Q3;Issues recentes;REST;107;1177;0.910600;54394;1160331407
Q3;Issues recentes;REST;108;313;1.101600;54394;1160331407
Q3;Issues recentes;REST;109;939;1.255800;54394;1160331407
Q3;Issues recentes;REST;110;268;0.922000;54394;1160331407
Q3;Issues recentes;REST;111;484;1.074700;54394;1160331407
Q3;Issues recentes;REST;112;1100;0.985800;54394;1160331407
Q3;Issues recentes;REST;113;1099;0.992500;54394;1160331407
Q3;Issues recentes;REST;114;1076;0.809500;54394;1160331407
Q3;Issues recentes;REST;115;430;1.297500;54394;1160331407
Q3;Issues recentes;REST;116;607;0.837700;54394;1160331407
Q3;Issues recentes;REST;117;394;1.036600;54394;1160331407
Q3;Issues recentes;REST;118;348;1.422300;54394;1160331407
Q3;Issues recentes;REST;119;451;1.130000;54394;1160331407
Q3;Issues recentes;REST;120;10;1.344000;54394;1160331407
Q4;Contribuidores;GraphQL;1;671;0.081600;2053;1239108595
Q4;Contribuidores;GraphQL;2;49;0.068800;2053;1239108595
Q4;Contribuidores;GraphQL;3;248;0.119500;2053;1239108595
Q4;Contribuidores;GraphQL;4;137;0.069600;2053;1239108595
Q4;Contribuidores;GraphQL;5;1008;0.085300;2053;1239108595
Q4;Contribuidores;GraphQL;6;601;0.122500;2053;1239108595
Q4;Contribuidores;GraphQL;7;1183;0.086000;2053;1239108595
Q4;Contribuidores;GraphQL;8;865;0.093700;2053;1239108595
Q4;Contribuidores;GraphQL;9;270;0.090200;2053;1239108595
Q4;Contribuidores;GraphQL;10;199;0.094500;2053;1239108595
Q4;Contribuidores;GraphQL;11;458;0.158100;2053;1239108595
Q4;Contribuidores;GraphQL;12;999;0.103100;2053;1239108595
Q4;Contribuidores;GraphQL;13;891;0.085500;2053;1239108595
Q4;Contribuidores;GraphQL;14;481;0.094500;2053;1239108595
Q4;Contribuidores;GraphQL;15;1058;0.086700;2053;1239108595
Q4;Contribuidores;GraphQL;16;982;0.090400;2053;1239108595
Q4;Contribuidores;GraphQL;17;750;0.082200;2053;1239108595
Q4;Contribuidores;GraphQL;18;106;0.126700;2053;1239108595
Q4;Contribuidores;GraphQL;19;1112;0.097300;2053;1239108595
Q4;Contribuidores;GraphQL;20;11;0.125700;2053;1239108595
Q4;Contribuidores;GraphQL;21;926;0.088500;2053;1239108595
Q4;Contribuidores;GraphQL;22;1170;0.106300;2053;1239108595
Q4;Contribuidores;GraphQL;23;238;0.151000;2053;1239108595
Q4;Contribuidores;GraphQL;24;87;0.080800;2053;1239108595
Q4;Contribuidores;GraphQL;25;1157;0.190900;2053;1239108595
Q4;Contribuidores;GraphQL;26;365;0.110500;2053;1239108595
Q4;Contribuidores;GraphQL;27;250;0.091800;2053;1239108595
Q4;Contribuidores;GraphQL;28;27;0.086100;2053;1239108595
Q4;Contribuidores;GraphQL;29;162;0.197600;2053;1239108595
Q4;Contribuidores;GraphQL;30;857;0.096000;2053;1239108595
Q4;Contribuidores;GraphQL;31;707;0.080400;2053;1239108595
Q4;Contribuidores;GraphQL;32;139;0.077800;2053;1239108595
Q4;Contribuidores;GraphQL;33;1013;0.079800;2053;1239108595
Q4;Contribuidores;GraphQL;34;903;0.131700;2053;1239108595
Q4;Contribuidores;GraphQL;35;448;0.120000;2053;1239108595
Q4;Contribuidores;GraphQL;36;227;0.071500;2053;1239108595
Q4;Contribuidores;GraphQL;37;426;0.076400;2053;1239108595
Q4;Contribuidores;GraphQL;38;502;0.080500;2053;1239108595
Q4;Contribuidores;GraphQL;39;499;0.090600;2053;1239108595
Q4;Contribuidores;GraphQL;40;62;0.113300;2053;1239108595
Q4;Contribuidores;GraphQL;41;136;0.074600;2053;1239108595
Q4;Contribuidores;GraphQL;42;1143;0.159000;2053;1239108595
Q4;Contribuidores;GraphQL;43;988;0.092700;2053;1239108595
Q4;Contribuidores;GraphQL;44;599;0.121300;2053;1239108595
Q4;Contribuidores;GraphQL;45;990;0.079200;2053;1239108595
Q4;Contribuidores;GraphQL;46;1145;0.149600;2053;1239108595
Q4;Contribuidores;GraphQL;47;107;0.076300;2053;1239108595
Q4;Contribuidores;GraphQL;48;1097;0.093700;2053;1239108595
Q4;Contribuidores;GraphQL;49;575;0.091600;2053;1239108595
Q4;Contribuidores;GraphQL;50;48;0.081500;2053;1239108595
Q4;Contribuidores;GraphQL;51;1139;0.126400;2053;1239108595
Q4;Contribuidores;GraphQL;52;978;0.148400;2053;1239108595
Q4;Contribuidores;GraphQL;53;508;0.077300;2053;1239108595
Q4;Contribuidores;GraphQL;54;393;0.076500;2053;1239108595
Q4;Contribuidores;GraphQL;55;1156;0.118200;2053;1239108595
Q4;Contribuidores;GraphQL;56;482;0.076200;2053;1239108595
Q4;Contribuidores;GraphQL;57;827;0.089100;2053;1239108595
Q4;Contribuidores;GraphQL;58;711;0.141600;2053;1239108595
Q4;Contribuidores;GraphQL;59;315;0.106600;2053;1239108595
Q4;Contribuidores;GraphQL;60;979;0.081600;2053;1239108595
Q4;Contribuidores;GraphQL;61;272;0.078100;2053;1239108595
Q4;Contribuidores;GraphQL;62;774;0.108800;2053;1239108595
Q4;Contribuidores;GraphQL;63;799;0.110800;2053;1239108595
Q4;Contribuidores;GraphQL;64;171;0.075100;2053;1239108595
Q4;Contribuidores;GraphQL;65;871;0.083900;2053;1239108595
Q4;Contribuidores;GraphQL;66;113;0.072100;2053;1239108595
Q4;Contribuidores;GraphQL;67;334;0.152100;2053;1239108595
Q4;Contribuidores;GraphQL;68;443;0.111900;2053;1239108595
Q4;Contribuidores;GraphQL;69;906;0.111600;2053;1239108595
Q4;Contribuidores;GraphQL;70;1103;0.096300;2053;1239108595
Q4;Contribuidores;GraphQL;71;1083;0.088900;2053;1239108595
Q4;Contribuidores;GraphQL;72;783;0.096900;2053;1239108595
Q4;Contribuidores;GraphQL;73;259;0.086500;2053;1239108595
Q4;Contribuidores;GraphQL;74;768;0.108900;2053;1239108595
Q4;Contribuidores;GraphQL;75;790;0.103500;2053;1239108595
Q4;Contribuidores;GraphQL;76;169;0.076000;2053;1239108595
Q4;Contribuidores;GraphQL;77;21;0.074700;2053;1239108595
Q4;Contribuidores;GraphQL;78;142;0.073400;2053;1239108595
Q4;Contribuidores;GraphQL;79;363;0.075600;2053;1239108595
Q4;Contribuidores;GraphQL;80;1172;0.098900;2053;1239108595
Q4;Contribuidores;GraphQL;81;974;0.152900;2053;1239108595
Q4;Contribuidores;GraphQL;82;286;0.091400;2053;1239108595
Q4;Contribuidores;GraphQL;83;874;0.089900;2053;1239108595
Q4;Contribuidores;GraphQL;84;175;0.163100;2053;1239108595
Q4;Contribuidores;GraphQL;85;613;0.088400;2053;1239108595
Q4;Contribuidores;GraphQL;86;851;0.103900;2053;1239108595
Q4;Contribuidores;GraphQL;87;148;0.084600;2053;1239108595
Q4;Contribuidores;GraphQL;88;715;0.132300;2053;1239108595
Q4;Contribuidores;GraphQL;89;962;0.090200;2053;1239108595
Q4;Contribuidores;GraphQL;90;386;0.136700;2053;1239108595
Q4;Contribuidores;GraphQL;91;401;0.130200;2053;1239108595
Q4;Contribuidores;GraphQL;92;652;0.098200;2053;1239108595
Q4;Contribuidores;GraphQL;93;1068;0.127900;2053;1239108595
Q4;Contribuidores;GraphQL;94;565;0.145900;2053;1239108595
Q4;Contribuidores;GraphQL;95;995;0.139700;2053;1239108595
Q4;Contribuidores;GraphQL;96;1133;0.180000;2053;1239108595
Q4;Contribuidores;GraphQL;97;450;0.092100;2053;1239108595
Q4;Contribuidores;GraphQL;98;998;0.109200;2053;1239108595
Q4;Contribuidores;GraphQL;99;579;0.082100;2053;1239108595
Q4;Contribuidores;GraphQL;100;713;0.125400;2053;1239108595
Q4;Contribuidores;GraphQL;101;45;0.090800;2053;1239108595
Q4;Contribuidores;GraphQL;102;573;0.099400;2053;1239108595
Q4;Contribuidores;GraphQL;103;474;0.118300;2053;1239108595
Q4;Contribuidores;GraphQL;104;522;0.098300;2053;1239108595
Q4;Contribuidores;GraphQL;105;376;0.110600;2053;1239108595
Q4;Contribuidores;GraphQL;106;784;0.104200;2053;1239108595
Q4;Contribuidores;GraphQL;107;1025;0.099700;2053;1239108595
Q4;Contribuidores;GraphQL;108;588;0.086800;2053;1239108595
Q4;Contribuidores;GraphQL;109;622;0.083300;2053;1239108595
Q4;Contribuidores;GraphQL;110;1197;0.098600;2053;1239108595
Q4;Contribuidores;GraphQL;111;67;0.079200;2053;1239108595
Q4;Contribuidores;GraphQL;112;1084;0.078100;2053;1239108595
Q4;Contribuidores;GraphQL;113;52;0.079300;2053;1239108595
Q4;Contribuidores;GraphQL;114;664;0.098500;2053;1239108595
Q4;Contribuidores;GraphQL;115;488;0.117500;2053;1239108595
Q4;Contribuidores;GraphQL;116;223;0.110800;2053;1239108595
Q4;Contribuidores;GraphQL;117;702;0.085900;2053;1239108595
Q4;Contribuidores;GraphQL;118;741;0.113600;2053;1239108595
Q4;Contribuidores;GraphQL;119;540;0.091000;2053;1239108595
Q4;Contribuidores;GraphQL;120;135;0.087500;2053;1239108595
Q4;Contribuidores;REST;1;58;0.428200;21183;1818576765
Q4;Contribuidores;REST;2;331;0.513500;21183;1818576765
Q4;Contribuidores;REST;3;8;0.597500;21183;1818576765
Q4;Contribuidores;REST;4;329;0.383400;21183;1818576765
Q4;Contribuidores;REST;5;686;0.404000;21183;1818576765
Q4;Contribuidores;REST;6;1056;0.383200;21183;1818576765
Q4;Contribuidores;REST;7;372;0.585300;21183;1818576765
Q4;Contribuidores;REST;8;1090;0.442100;21183;1818576765
Q4;Contribuidores;REST;9;984;0.383300;21183;1818576765
Q4;Contribuidores;REST;10;321;0.389700;21183;1818576765
Q4;Contribuidores;REST;11;1104;0.422300;21183;1818576765
Q4;Contribuidores;REST;12;1187;0.382700;21183;1818576765
Q4;Contribuidores;REST;13;909;0.398400;21183;1818576765
Q4;Contribuidores;REST;14;716;0.542700;21183;1818576765
Q4;Contribuidores;REST;15;101;0.411700;21183;1818576765
Q4;Contribuidores;REST;16;343;0.414000;21183;1818576765
Q4;Contribuidores;REST;17;253;0.427200;21183;1818576765
Q4;Contribuidores;REST;18;792;0.373300;21183;1818576765
Q4;Contribuidores;REST;19;1031;0.367300;21183;1818576765
Q4;Contribuidores;REST;20;689;0.375100;21183;1818576765
Q4;Contribuidores;REST;21;29;0.458400;21183;1818576765
Q4;Contribuidores;REST;22;660;0.532500;21183;1818576765
Q4;Contribuidores;REST;23;649;0.367600;21183;1818576765
Q4;Contribuidores;REST;24;572;0.416600;21183;1818576765
Q4;Contribuidores;REST;25;464;0.495700;21183;1818576765
Q4;Contribuidores;REST;26;749;0.365700;21183;1818576765
Q4;Contribuidores;REST;27;591;0.364000;21183;1818576765
Q4;Contribuidores;REST;28;890;0.370400;21183;1818576765
Q4;Contribuidores;REST;29;279;0.403600;21183;1818576765
Q4;Contribuidores;REST;30;12;0.532200;21183;1818576765
Q4;Contribuidores;REST;31;1155;0.810600;21183;1818576765
Q4;Contribuidores;REST;32;379;0.527300;21183;1818576765
Q4;Contribuidores;REST;33;597;0.439000;21183;1818576765
Q4;Contribuidores;REST;34;53;0.451300;21183;1818576765
Q4;Contribuidores;REST;35;1146;0.559500;21183;1818576765
Q4;Contribuidores;REST;36;858;0.409300;21183;1818576765
Q4;Contribuidores;REST;37;65;0.416800;21183;1818576765
Q4;Contribuidores;REST;38;889;0.405200;21183;1818576765
Q4;Contribuidores;REST;39;1050;0.375300;21183;1818576765
Q4;Contribuidores;REST;40;125;0.469700;21183;1818576765
Q4;Contribuidores;REST;41;965;0.399200;21183;1818576765
Q4;Contribuidores;REST;42;1136;0.541200;21183;1818576765
Q4;Contribuidores;REST;43;1052;0.424000;21183;1818576765
Q4;Contribuidores;REST;44;556;0.377200;21183;1818576765
Q4;Contribuidores;REST;45;807;0.383200;21183;1818576765
Q4;Contribuidores;REST;46;692;0.365700;21183;1818576765
Q4;Contribuidores;REST;47;310;0.406500;21183;1818576765
Q4;Contribuidores;REST;48;640;0.362400;21183;1818576765
Q4;Contribuidores;REST;49;815;0.495200;21183;1818576765
Q4;Contribuidores;REST;50;266;0.427100;21183;1818576765
Q4;Contribuidores;REST;51;396;0.460300;21183;1818576765
Q4;Contribuidores;REST;52;961;0.400100;21183;1818576765
Q4;Contribuidores;REST;53;910;0.375500;21183;1818576765
Q4;Contribuidores;REST;54;335;0.616600;21183;1818576765
Q4;Contribuidores;REST;55;1129;0.478000;21183;1818576765
Q4;Contribuidores;REST;56;620;0.393000;21183;1818576765
Q4;Contribuidores;REST;57;687;0.401700;21183;1818576765
Q4;Contribuidores;REST;58;1142;0.520900;21183;1818576765
Q4;Contribuidores;REST;59;535;0.377000;21183;1818576765
Q4;Contribuidores;REST;60;108;0.401200;21183;1818576765
Q4;Contribuidores;REST;61;326;0.480500;21183;1818576765
Q4;Contribuidores;REST;62;861;0.479100;21183;1818576765
Q4;Contribuidores;REST;63;552;0.635600;21183;1818576765
Q4;Contribuidores;REST;64;751;0.355600;21183;1818576765
Q4;Contribuidores;REST;65;118;0.440300;21183;1818576765
Q4;Contribuidores;REST;66;867;0.456500;21183;1818576765
Q4;Contribuidores;REST;67;174;0.605100;21183;1818576765
Q4;Contribuidores;REST;68;1171;0.435500;21183;1818576765
Q4;Contribuidores;REST;69;957;0.588900;21183;1818576765
Q4;Contribuidores;REST;70;193;0.576600;21183;1818576765
Q4;Contribuidores;REST;71;1017;0.484600;21183;1818576765
Q4;Contribuidores;REST;72;656;0.549700;21183;1818576765
Q4;Contribuidores;REST;73;1015;0.364300;21183;1818576765
Q4;Contribuidores;REST;74;280;0.410900;21183;1818576765
Q4;Contribuidores;REST;75;1060;0.371800;21183;1818576765
Q4;Contribuidores;REST;76;568;0.586100;21183;1818576765
Q4;Contribuidores;REST;77;828;0.501300;21183;1818576765
Q4;Contribuidores;REST;78;695;0.527800;21183;1818576765
Q4;Contribuidores;REST;79;63;0.508400;21183;1818576765
Q4;Contribuidores;REST;80;989;0.357700;21183;1818576765
Q4;Contribuidores;REST;81;953;0.415900;21183;1818576765
Q4;Contribuidores;REST;82;578;0.385600;21183;1818576765
Q4;Contribuidores;REST;83;752;0.409800;21183;1818576765
Q4;Contribuidores;REST;84;288;0.411500;21183;1818576765
Q4;Contribuidores;REST;85;99;0.420600;21183;1818576765
Q4;Contribuidores;REST;86;1034;0.525500;21183;1818576765
Q4;Contribuidores;REST;87;585;0.599000;21183;1818576765
Q4;Contribuidores;REST;88;951;0.386600;21183;1818576765
Q4;Contribuidores;REST;89;996;0.529900;21183;1818576765
Q4;Contribuidores;REST;90;465;0.556900;21183;1818576765
Q4;Contribuidores;REST;91;523;0.488800;21183;1818576765
Q4;Contribuidores;REST;92;606;0.375000;21183;1818576765
Q4;Contribuidores;REST;93;1122;0.475800;21183;1818576765
Q4;Contribuidores;REST;94;1046;0.390900;21183;1818576765
Q4;Contribuidores;REST;95;677;0.495700;21183;1818576765
Q4;Contribuidores;REST;96;395;0.403900;21183;1818576765
Q4;Contribuidores;REST;97;344;0.380500;21183;1818576765
Q4;Contribuidores;REST;98;345;0.376200;21183;1818576765
Q4;Contribuidores;REST;99;1096;0.467500;21183;1818576765
Q4;Contribuidores;REST;100;680;0.543500;21183;1818576765
Q4;Contribuidores;REST;101;805;0.394100;21183;1818576765
Q4;Contribuidores;REST;102;1036;0.356100;21183;1818576765
Q4;Contribuidores;REST;103;1178;0.408000;21183;1818576765
Q4;Contribuidores;REST;104;914;0.408200;21183;1818576765
Q4;Contribuidores;REST;105;466;0.440100;21183;1818576765
Q4;Contribuidores;REST;106;346;0.389900;21183;1818576765
Q4;Contribuidores;REST;107;369;0.595100;21183;1818576765
Q4;Contribuidores;REST;108;3;0.552900;21183;1818576765
Q4;Contribuidores;REST;109;320;0.479700;21183;1818576765
Q4;Contribuidores;REST;110;15;0.539000;21183;1818576765
Q4;Contribuidores;REST;111;323;0.540300;21183;1818576765
Q4;Contribuidores;REST;112;490;0.385700;21183;1818576765
Q4;Contribuidores;REST;113;646;0.378800;21183;1818576765
Q4;Contribuidores;REST;114;184;0.389600;21183;1818576765
Q4;Contribuidores;REST;115;838;0.380400;21183;1818576765
Q4;Contribuidores;REST;116;143;0.392300;21183;1818576765
Q4;Contribuidores;REST;117;681;0.503800;21183;1818576765
Q4;Contribuidores;REST;118;706;0.369100;21183;1818576765
Q4;Contribuidores;REST;119;661;0.472400;21183;1818576765
Q4;Contribuidores;REST;120;1106;0.408400;21183;1818576765
Q5;Visao aninhada;GraphQL;1;950;0.092800;1629;873857073
Q5;Visao aninhada;GraphQL;2;893;0.130500;1629;873857073
Q5;Visao aninhada;GraphQL;3;164;0.130600;1629;873857073
Q5;Visao aninhada;GraphQL;4;904;0.136500;1629;873857073
Q5;Visao aninhada;GraphQL;5;98;0.058700;1629;873857073
Q5;Visao aninhada;GraphQL;6;869;0.101900;1629;873857073
Q5;Visao aninhada;GraphQL;7;932;0.081300;1629;873857073
Q5;Visao aninhada;GraphQL;8;938;0.138100;1629;873857073
Q5;Visao aninhada;GraphQL;9;84;0.117000;1629;873857073
Q5;Visao aninhada;GraphQL;10;907;0.093500;1629;873857073
Q5;Visao aninhada;GraphQL;11;636;0.092400;1629;873857073
Q5;Visao aninhada;GraphQL;12;392;0.137800;1629;873857073
Q5;Visao aninhada;GraphQL;13;155;0.074100;1629;873857073
Q5;Visao aninhada;GraphQL;14;940;0.099200;1629;873857073
Q5;Visao aninhada;GraphQL;15;643;0.099100;1629;873857073
Q5;Visao aninhada;GraphQL;16;1005;0.105700;1629;873857073
Q5;Visao aninhada;GraphQL;17;944;0.098800;1629;873857073
Q5;Visao aninhada;GraphQL;18;170;0.077300;1629;873857073
Q5;Visao aninhada;GraphQL;19;1051;0.096400;1629;873857073
Q5;Visao aninhada;GraphQL;20;746;0.077900;1629;873857073
Q5;Visao aninhada;GraphQL;21;456;0.099000;1629;873857073
Q5;Visao aninhada;GraphQL;22;423;0.076600;1629;873857073
Q5;Visao aninhada;GraphQL;23;570;0.088000;1629;873857073
Q5;Visao aninhada;GraphQL;24;731;0.086900;1629;873857073
Q5;Visao aninhada;GraphQL;25;543;0.081800;1629;873857073
Q5;Visao aninhada;GraphQL;26;181;0.084800;1629;873857073
Q5;Visao aninhada;GraphQL;27;902;0.098600;1629;873857073
Q5;Visao aninhada;GraphQL;28;231;0.076300;1629;873857073
Q5;Visao aninhada;GraphQL;29;516;0.077600;1629;873857073
Q5;Visao aninhada;GraphQL;30;688;0.083900;1629;873857073
Q5;Visao aninhada;GraphQL;31;1107;0.081600;1629;873857073
Q5;Visao aninhada;GraphQL;32;849;0.101300;1629;873857073
Q5;Visao aninhada;GraphQL;33;1153;0.141100;1629;873857073
Q5;Visao aninhada;GraphQL;34;28;0.077100;1629;873857073
Q5;Visao aninhada;GraphQL;35;808;0.080200;1629;873857073
Q5;Visao aninhada;GraphQL;36;470;0.082400;1629;873857073
Q5;Visao aninhada;GraphQL;37;870;0.069500;1629;873857073
Q5;Visao aninhada;GraphQL;38;469;0.148700;1629;873857073
Q5;Visao aninhada;GraphQL;39;754;0.085800;1629;873857073
Q5;Visao aninhada;GraphQL;40;812;0.081300;1629;873857073
Q5;Visao aninhada;GraphQL;41;1159;0.109500;1629;873857073
Q5;Visao aninhada;GraphQL;42;704;0.069300;1629;873857073
Q5;Visao aninhada;GraphQL;43;665;0.089600;1629;873857073
Q5;Visao aninhada;GraphQL;44;19;0.073100;1629;873857073
Q5;Visao aninhada;GraphQL;45;152;0.108300;1629;873857073
Q5;Visao aninhada;GraphQL;46;72;0.095000;1629;873857073
Q5;Visao aninhada;GraphQL;47;733;0.066100;1629;873857073
Q5;Visao aninhada;GraphQL;48;505;0.087900;1629;873857073
Q5;Visao aninhada;GraphQL;49;1030;0.078900;1629;873857073
Q5;Visao aninhada;GraphQL;50;114;0.061600;1629;873857073
Q5;Visao aninhada;GraphQL;51;945;0.078700;1629;873857073
Q5;Visao aninhada;GraphQL;52;946;0.075500;1629;873857073
Q5;Visao aninhada;GraphQL;53;1094;0.129600;1629;873857073
Q5;Visao aninhada;GraphQL;54;1028;0.098500;1629;873857073
Q5;Visao aninhada;GraphQL;55;318;0.084600;1629;873857073
Q5;Visao aninhada;GraphQL;56;1062;0.078500;1629;873857073
Q5;Visao aninhada;GraphQL;57;510;0.064300;1629;873857073
Q5;Visao aninhada;GraphQL;58;853;0.125100;1629;873857073
Q5;Visao aninhada;GraphQL;59;507;0.070200;1629;873857073
Q5;Visao aninhada;GraphQL;60;595;0.081100;1629;873857073
Q5;Visao aninhada;GraphQL;61;157;0.087600;1629;873857073
Q5;Visao aninhada;GraphQL;62;701;0.080200;1629;873857073
Q5;Visao aninhada;GraphQL;63;228;0.059600;1629;873857073
Q5;Visao aninhada;GraphQL;64;1041;0.086600;1629;873857073
Q5;Visao aninhada;GraphQL;65;563;0.106800;1629;873857073
Q5;Visao aninhada;GraphQL;66;1016;0.074300;1629;873857073
Q5;Visao aninhada;GraphQL;67;257;0.078800;1629;873857073
Q5;Visao aninhada;GraphQL;68;559;0.067100;1629;873857073
Q5;Visao aninhada;GraphQL;69;459;0.105300;1629;873857073
Q5;Visao aninhada;GraphQL;70;1192;0.106700;1629;873857073
Q5;Visao aninhada;GraphQL;71;653;0.083200;1629;873857073
Q5;Visao aninhada;GraphQL;72;234;0.081400;1629;873857073
Q5;Visao aninhada;GraphQL;73;317;0.116500;1629;873857073
Q5;Visao aninhada;GraphQL;74;908;0.089100;1629;873857073
Q5;Visao aninhada;GraphQL;75;491;0.118000;1629;873857073
Q5;Visao aninhada;GraphQL;76;531;0.086100;1629;873857073
Q5;Visao aninhada;GraphQL;77;834;0.094800;1629;873857073
Q5;Visao aninhada;GraphQL;78;699;0.105800;1629;873857073
Q5;Visao aninhada;GraphQL;79;884;0.085100;1629;873857073
Q5;Visao aninhada;GraphQL;80;445;0.081700;1629;873857073
Q5;Visao aninhada;GraphQL;81;77;0.086900;1629;873857073
Q5;Visao aninhada;GraphQL;82;972;0.118900;1629;873857073
Q5;Visao aninhada;GraphQL;83;92;0.151400;1629;873857073
Q5;Visao aninhada;GraphQL;84;347;0.080900;1629;873857073
Q5;Visao aninhada;GraphQL;85;283;0.093000;1629;873857073
Q5;Visao aninhada;GraphQL;86;314;0.135000;1629;873857073
Q5;Visao aninhada;GraphQL;87;411;0.104000;1629;873857073
Q5;Visao aninhada;GraphQL;88;918;0.107500;1629;873857073
Q5;Visao aninhada;GraphQL;89;1105;0.092200;1629;873857073
Q5;Visao aninhada;GraphQL;90;1049;0.081700;1629;873857073
Q5;Visao aninhada;GraphQL;91;885;0.077500;1629;873857073
Q5;Visao aninhada;GraphQL;92;444;0.096800;1629;873857073
Q5;Visao aninhada;GraphQL;93;96;0.085900;1629;873857073
Q5;Visao aninhada;GraphQL;94;36;0.068200;1629;873857073
Q5;Visao aninhada;GraphQL;95;207;0.078200;1629;873857073
Q5;Visao aninhada;GraphQL;96;558;0.080900;1629;873857073
Q5;Visao aninhada;GraphQL;97;629;0.085500;1629;873857073
Q5;Visao aninhada;GraphQL;98;400;0.107600;1629;873857073
Q5;Visao aninhada;GraphQL;99;153;0.141900;1629;873857073
Q5;Visao aninhada;GraphQL;100;797;0.080700;1629;873857073
Q5;Visao aninhada;GraphQL;101;1080;0.085300;1629;873857073
Q5;Visao aninhada;GraphQL;102;94;0.146200;1629;873857073
Q5;Visao aninhada;GraphQL;103;991;0.077100;1629;873857073
Q5;Visao aninhada;GraphQL;104;97;0.066400;1629;873857073
Q5;Visao aninhada;GraphQL;105;1194;0.075300;1629;873857073
Q5;Visao aninhada;GraphQL;106;68;0.075000;1629;873857073
Q5;Visao aninhada;GraphQL;107;779;0.082400;1629;873857073
Q5;Visao aninhada;GraphQL;108;221;0.086600;1629;873857073
Q5;Visao aninhada;GraphQL;109;690;0.073900;1629;873857073
Q5;Visao aninhada;GraphQL;110;7;0.109800;1629;873857073
Q5;Visao aninhada;GraphQL;111;111;0.085900;1629;873857073
Q5;Visao aninhada;GraphQL;112;1182;0.094500;1629;873857073
Q5;Visao aninhada;GraphQL;113;225;0.084600;1629;873857073
Q5;Visao aninhada;GraphQL;114;583;0.086600;1629;873857073
Q5;Visao aninhada;GraphQL;115;1195;0.072200;1629;873857073
Q5;Visao aninhada;GraphQL;116;1200;0.084500;1629;873857073
Q5;Visao aninhada;GraphQL;117;341;0.087400;1629;873857073
Q5;Visao aninhada;GraphQL;118;714;0.117700;1629;873857073
Q5;Visao aninhada;GraphQL;119;262;0.076600;1629;873857073
Q5;Visao aninhada;GraphQL;120;194;0.096500;1629;873857073
Q5;Visao aninhada;REST;1;203;0.795500;34223;-187480392
Q5;Visao aninhada;REST;2;1175;0.780400;34223;-187480392
Q5;Visao aninhada;REST;3;4;0.951600;34223;-187480392
Q5;Visao aninhada;REST;4;1184;0.626100;34223;-187480392
Q5;Visao aninhada;REST;5;54;0.718100;34223;-187480392
Q5;Visao aninhada;REST;6;64;0.708600;34223;-187480392
Q5;Visao aninhada;REST;7;765;0.577900;34223;-187480392
Q5;Visao aninhada;REST;8;798;0.750700;34223;-187480392
Q5;Visao aninhada;REST;9;525;0.658600;34223;-187480392
Q5;Visao aninhada;REST;10;71;0.672700;34223;-187480392
Q5;Visao aninhada;REST;11;667;0.589700;34223;-187480392
Q5;Visao aninhada;REST;12;1039;0.656200;34223;-187480392
Q5;Visao aninhada;REST;13;70;0.651000;34223;-187480392
Q5;Visao aninhada;REST;14;384;0.976600;34223;-187480392
Q5;Visao aninhada;REST;15;1065;0.787600;34223;-187480392
Q5;Visao aninhada;REST;16;817;0.604900;34223;-187480392
Q5;Visao aninhada;REST;17;380;0.779700;34223;-187480392
Q5;Visao aninhada;REST;18;803;0.580200;34223;-187480392
Q5;Visao aninhada;REST;19;102;0.701500;34223;-187480392
Q5;Visao aninhada;REST;20;738;0.744300;34223;-187480392
Q5;Visao aninhada;REST;21;740;0.773300;34223;-187480392
Q5;Visao aninhada;REST;22;793;0.641800;34223;-187480392
Q5;Visao aninhada;REST;23;551;0.991000;34223;-187480392
Q5;Visao aninhada;REST;24;140;0.663100;34223;-187480392
Q5;Visao aninhada;REST;25;69;0.647000;34223;-187480392
Q5;Visao aninhada;REST;26;987;0.581700;34223;-187480392
Q5;Visao aninhada;REST;27;1113;0.624700;34223;-187480392
Q5;Visao aninhada;REST;28;1073;0.731100;34223;-187480392
Q5;Visao aninhada;REST;29;492;0.700900;34223;-187480392
Q5;Visao aninhada;REST;30;291;0.679200;34223;-187480392
Q5;Visao aninhada;REST;31;1185;0.583100;34223;-187480392
Q5;Visao aninhada;REST;32;1095;0.649800;34223;-187480392
Q5;Visao aninhada;REST;33;408;0.968400;34223;-187480392
Q5;Visao aninhada;REST;34;676;0.793200;34223;-187480392
Q5;Visao aninhada;REST;35;432;0.903000;34223;-187480392
Q5;Visao aninhada;REST;36;776;0.835600;34223;-187480392
Q5;Visao aninhada;REST;37;201;0.784400;34223;-187480392
Q5;Visao aninhada;REST;38;308;0.936500;34223;-187480392
Q5;Visao aninhada;REST;39;855;0.790800;34223;-187480392
Q5;Visao aninhada;REST;40;529;0.619700;34223;-187480392
Q5;Visao aninhada;REST;41;553;0.988300;34223;-187480392
Q5;Visao aninhada;REST;42;735;0.718800;34223;-187480392
Q5;Visao aninhada;REST;43;447;0.872100;34223;-187480392
Q5;Visao aninhada;REST;44;420;0.816200;34223;-187480392
Q5;Visao aninhada;REST;45;615;0.565900;34223;-187480392
Q5;Visao aninhada;REST;46;912;0.627500;34223;-187480392
Q5;Visao aninhada;REST;47;306;0.664800;34223;-187480392
Q5;Visao aninhada;REST;48;122;0.681700;34223;-187480392
Q5;Visao aninhada;REST;49;457;2.363800;34223;-187480392
Q5;Visao aninhada;REST;50;473;0.670400;34223;-187480392
Q5;Visao aninhada;REST;51;1118;0.614600;34223;-187480392
Q5;Visao aninhada;REST;52;875;0.747500;34223;-187480392
Q5;Visao aninhada;REST;53;816;0.624200;34223;-187480392
Q5;Visao aninhada;REST;54;229;0.649300;34223;-187480392
Q5;Visao aninhada;REST;55;1161;0.821200;34223;-187480392
Q5;Visao aninhada;REST;56;154;0.797200;34223;-187480392
Q5;Visao aninhada;REST;57;730;0.836300;34223;-187480392
Q5;Visao aninhada;REST;58;954;0.790400;34223;-187480392
Q5;Visao aninhada;REST;59;354;1.084100;34223;-187480392
Q5;Visao aninhada;REST;60;564;0.903300;34223;-187480392
Q5;Visao aninhada;REST;61;734;0.556800;34223;-187480392
Q5;Visao aninhada;REST;62;1004;0.838700;34223;-187480392
Q5;Visao aninhada;REST;63;127;0.650300;34223;-187480392
Q5;Visao aninhada;REST;64;854;0.999900;34223;-187480392
Q5;Visao aninhada;REST;65;18;0.628800;34223;-187480392
Q5;Visao aninhada;REST;66;703;0.606700;34223;-187480392
Q5;Visao aninhada;REST;67;342;0.656500;34223;-187480392
Q5;Visao aninhada;REST;68;230;0.742000;34223;-187480392
Q5;Visao aninhada;REST;69;166;0.690700;34223;-187480392
Q5;Visao aninhada;REST;70;1119;0.603100;34223;-187480392
Q5;Visao aninhada;REST;71;850;0.725600;34223;-187480392
Q5;Visao aninhada;REST;72;475;0.812700;34223;-187480392
Q5;Visao aninhada;REST;73;710;0.845600;34223;-187480392
Q5;Visao aninhada;REST;74;1029;0.619600;34223;-187480392
Q5;Visao aninhada;REST;75;642;0.603000;34223;-187480392
Q5;Visao aninhada;REST;76;146;0.673600;34223;-187480392
Q5;Visao aninhada;REST;77;800;0.815100;34223;-187480392
Q5;Visao aninhada;REST;78;258;0.665600;34223;-187480392
Q5;Visao aninhada;REST;79;1174;0.724500;34223;-187480392
Q5;Visao aninhada;REST;80;994;0.845300;34223;-187480392
Q5;Visao aninhada;REST;81;150;0.633300;34223;-187480392
Q5;Visao aninhada;REST;82;631;0.595000;34223;-187480392
Q5;Visao aninhada;REST;83;500;0.981900;34223;-187480392
Q5;Visao aninhada;REST;84;449;0.837400;34223;-187480392
Q5;Visao aninhada;REST;85;663;0.695400;34223;-187480392
Q5;Visao aninhada;REST;86;900;0.719300;34223;-187480392
Q5;Visao aninhada;REST;87;367;0.939700;34223;-187480392
Q5;Visao aninhada;REST;88;485;0.850300;34223;-187480392
Q5;Visao aninhada;REST;89;42;0.988100;34223;-187480392
Q5;Visao aninhada;REST;90;1110;0.771300;34223;-187480392
Q5;Visao aninhada;REST;91;955;0.911000;34223;-187480392
Q5;Visao aninhada;REST;92;477;0.735500;34223;-187480392
Q5;Visao aninhada;REST;93;744;0.793800;34223;-187480392
Q5;Visao aninhada;REST;94;305;0.728300;34223;-187480392
Q5;Visao aninhada;REST;95;830;0.617900;34223;-187480392
Q5;Visao aninhada;REST;96;177;0.720300;34223;-187480392
Q5;Visao aninhada;REST;97;1035;0.658800;34223;-187480392
Q5;Visao aninhada;REST;98;160;0.944700;34223;-187480392
Q5;Visao aninhada;REST;99;845;0.959600;34223;-187480392
Q5;Visao aninhada;REST;100;205;0.802400;34223;-187480392
Q5;Visao aninhada;REST;101;103;0.698100;34223;-187480392
Q5;Visao aninhada;REST;102;78;0.683800;34223;-187480392
Q5;Visao aninhada;REST;103;825;0.843600;34223;-187480392
Q5;Visao aninhada;REST;104;245;0.852900;34223;-187480392
Q5;Visao aninhada;REST;105;446;0.856800;34223;-187480392
Q5;Visao aninhada;REST;106;922;0.614400;34223;-187480392
Q5;Visao aninhada;REST;107;391;0.795800;34223;-187480392
Q5;Visao aninhada;REST;108;1123;0.688900;34223;-187480392
Q5;Visao aninhada;REST;109;836;0.589700;34223;-187480392
Q5;Visao aninhada;REST;110;1048;0.590200;34223;-187480392
Q5;Visao aninhada;REST;111;709;0.875500;34223;-187480392
Q5;Visao aninhada;REST;112;493;0.575900;34223;-187480392
Q5;Visao aninhada;REST;113;1066;0.868300;34223;-187480392
Q5;Visao aninhada;REST;114;128;0.671900;34223;-187480392
Q5;Visao aninhada;REST;115;968;0.619000;34223;-187480392
Q5;Visao aninhada;REST;116;708;0.667700;34223;-187480392
Q5;Visao aninhada;REST;117;786;0.723300;34223;-187480392
Q5;Visao aninhada;REST;118;330;0.675500;34223;-187480392
Q5;Visao aninhada;REST;119;1196;0.640700;34223;-187480392
Q5;Visao aninhada;REST;120;608;0.619700;34223;-187480392
